Compound Name,Threshold,Units,Source
1-pentanol,"4,000",?g/kg,Zhu et al. 2020
(Z)-2-pentenol,40,?g/kg,Zhu et al. 2020
1-octene-3-ol,1,?g/kg,Zhu et al. 2020
2-ethylhexyl alcohol,246,?g/kg,Zhu et al. 2020
N-caprylic alcohol,110,?g/kg,Zhu et al. 2020
1-nonyl alcohol,50,?g/kg,Zhu et al. 2020
Phenethyl alcohol,86,?g/kg,Zhu et al. 2020
3-methylbutyraldehyde,0.2,?g/kg,Zhu et al. 2020
Hexanal,5,?g/kg,Zhu et al. 2020
N-octanal,0.7,?g/kg,Zhu et al. 2020
Nonanal,1,?g/kg,Zhu et al. 2020
"(E, E)-2, 4-heptadienal",5,?g/kg,Zhu et al. 2020
Benzaldehyde,0.8,?g/kg,Zhu et al. 2020
"(E, Z)-2,6-nonylaldehyde",0.8,?g/kg,Zhu et al. 2020
Phenylacetaldehyde,4,?g/kg,Zhu et al. 2020
"2,3- octanedione",3,?g/kg,Zhu et al. 2020
Undecane,200,?g/kg,Zhu et al. 2020
D-limonene,10,?g/kg,Zhu et al. 2020
Styrene,47,?g/kg,Zhu et al. 2020
Methylbenzene,200,?g/kg,Zhu et al. 2020
P-xylene,450,?g/kg,Zhu et al. 2020
Naphthalene,60,?g/kg,Zhu et al. 2020
2-methyl naphthalene,14,?g/kg,Zhu et al. 2020
2-ethyl furan,2.3,?g/kg,Zhu et al. 2020
2-Zn-pentylfuran,6,?g/kg,Zhu et al. 2020
(E)-2-(2-pentenyl) furan,6,?g/kg,Zhu et al. 2020
N-dibutylformamide,470,?g/kg,Zhu et al. 2020
Acetaldehyde,0.21,ppm,Pullen 2007
Allyl mercaptan,0.0015,ppm,Pullen 2007
Ammonia,37,ppm,Pullen 2007
Benzyl mercaptan,0.0026,ppm,Pullen 2007
n-Butyl amine,1.8,ppm,Pullen 2007
Chlorine,0.31,ppm,Pullen 2007
Di-isopropyl amine,0.38,ppm,Pullen 2007
Dimethyl sulphide,0.001,ppm,Pullen 2007
Diphenyl sulphide,0.0021,ppm,Pullen 2007
Ethyl amine,1.7,ppm,Pullen 2007
Ethyl mercaptan,0.001,ppm,Pullen 2007
Hydrogen sulphide,0.0047,ppm,Pullen 2007
Methyl mercaptan,0.001,ppm,Pullen 2007
Phenyl mercaptan,0.0015,ppm,Pullen 2007
Propyl mercaptan,0.02,ppm,Pullen 2007
Pyridine,0.74,ppm,Pullen 2007
Skatole,0.05,ppm,Pullen 2007
Sulphur dioxide,4.4,ppm,Pullen 2007
Acetone,28,ppm,Pullen 2007
Benzene,1.7,ppm,Pullen 2007
n-Butylacetate,0.076,ppm,Pullen 2007
n-Butanol,0.04,ppm,Pullen 2007
Ethyl alcohol,0.37,ppm,Pullen 2007
Isobutyl alcohol,0.012,ppm,Pullen 2007
Methyl ethyl ketone,3.1,ppm,Pullen 2007
Toluene,1.6,ppm,Pullen 2007
Acetic acid,0.006,ppm,Pullen 2007
Acetonitrile,13,ppm,Pullen 2007
Acrolein,0.0036,ppm,Pullen 2007
Acrylonitrile,8.8,ppm,Pullen 2007
Allyl sulphide,0.00022,ppm,Pullen 2007
iso Amyl mercaptane,0.00000077,ppm,Pullen 2007
n-Amyl mercaptane,0.00000078,ppm,Pullen 2007
"1,3-Butadiene",0.23,ppm,Pullen 2007
n-Butane,1200,ppm,Pullen 2007
iso Butanol,0.011,ppm,Pullen 2007
iso Butene,10,ppm,Pullen 2007
1-Butene,0.36,ppm,Pullen 2007
2-n-Buthoxyethanol,0.043,ppm,Pullen 2007
1-Butoxy-2-propanol,0.16,ppm,Pullen 2007
iso Butyl acetate,0.008,ppm,Pullen 2007
n-Butyl acetate,0.016,ppm,Pullen 2007
iso Butyl acryrate,0.0009,ppm,Pullen 2007
n-Butyl acryrate,0.00055,ppm,Pullen 2007
iso Butylaldehyde,0.00035,ppm,Pullen 2007
n-Butylaldehyde,0.00067,ppm,Pullen 2007
Butylamine,0.17,ppm,Pullen 2007
iso Butylamine,0.0015,ppm,Pullen 2007
n-Butylamine,0.17,ppm,Pullen 2007
n-Butyl iso butyrate,0.022,ppm,Pullen 2007
iso Butyl n-butyrate,0.0016,ppm,Pullen 2007
iso Butyl iso butyrate,0.075,ppm,Pullen 2007
n-Butyl formate,0.087,ppm,Pullen 2007
iso Butyl formate,0.49,ppm,Pullen 2007
Butyl mercaptane,0.00003,ppm,Pullen 2007
iso Butyl mercaptane,0.0000068,ppm,Pullen 2007
n-Butyl mercaptane,0.0000028,ppm,Pullen 2007
tert. Butyl mercaptane,0.000029,ppm,Pullen 2007
iso Butyl propionate,0.02,ppm,Pullen 2007
n-Butyl propionate,0.036,ppm,Pullen 2007
iso Butyl isovalerate,0.0052,ppm,Pullen 2007
n-Butyl isovalerate,0.012,ppm,Pullen 2007
iso Butyric acid,0.0015,ppm,Pullen 2007
n-Butyric acid,0.00019,ppm,Pullen 2007
Carbon disulphide,0.21,ppm,Pullen 2007
Carbonyl sulphide,0.055,ppm,Pullen 2007
Carbon tetrachloride,4.6,ppm,Pullen 2007
Chloroform,3.8,ppm,Pullen 2007
m-Cresol,0.0001,ppm,Pullen 2007
o-Cresol,0.00028,ppm,Pullen 2007
p-Cresol,0.000054,ppm,Pullen 2007
Crotonaldehyde,0.023,ppm,Pullen 2007
Cyclohexane,2.5,ppm,Pullen 2007
n-Decane,0.62,ppm,Pullen 2007
n-Decanol,0.00077,ppm,Pullen 2007
n-Decylaldehyde,0.0004,ppm,Pullen 2007
Diacetyl,0.00005,ppm,Pullen 2007
Diallyl disulphide,0.00022,ppm,Pullen 2007
Dichloromethane,160,ppm,Pullen 2007
o-Diethylbenzene,0.0094,ppm,Pullen 2007
m-Diethylbenzene,0.07,ppm,Pullen 2007
p-Diethylbenzene,0.00039,ppm,Pullen 2007
Diethyl disulphide,0.002,ppm,Pullen 2007
Diethyl sulphide,0.000033,ppm,Pullen 2007
Diethylamine,0.048,ppm,Pullen 2007
"2,5-Dihydrofurane",0.093,ppm,Pullen 2007
Dimethylamine,0.033,ppm,Pullen 2007
"2,2-Dimethylbutane",20,ppm,Pullen 2007
"2,3-Dimethylbutane",0.42,ppm,Pullen 2007
Dimethyl disulphide,0.0022,ppm,Pullen 2007
"2,2-Dimethylpentane",38,ppm,Pullen 2007
"2,3-Dimethylpentane",4.5,ppm,Pullen 2007
"2,4-Dimethylpentane",0.94,ppm,Pullen 2007
n-Dodecane,0.11,ppm,Pullen 2007
Ethanol,0.52,ppm,Pullen 2007
2-Ethoxyethanol,0.58,ppm,Pullen 2007
2-Ethoxyethyl acetate,0.049,ppm,Pullen 2007
Ethyl acetate,0.87,ppm,Pullen 2007
Ethyl acryrate,0.00026,ppm,Pullen 2007
Ethylamine,0.046,ppm,Pullen 2007
Ethylbenzene,0.17,ppm,Pullen 2007
Ethyl n-butyrate,0.00004,ppm,Pullen 2007
Ethyl formate,2.7,ppm,Pullen 2007
Ethyl isobutyrate,0.000022,ppm,Pullen 2007
Ethyl mercaptane,0.0000087,ppm,Pullen 2007
3-Ethylpentane,0.37,ppm,Pullen 2007
Ethyl propionate,0.007,ppm,Pullen 2007
o-Ethyltoluene,0.074,ppm,Pullen 2007
m-Ethyltoluene,0.018,ppm,Pullen 2007
p-Ethyltoluene,0.0083,ppm,Pullen 2007
Ethyl-o-toluidine,0.026,ppm,Pullen 2007
Ethyl n-valerate,0.00011,ppm,Pullen 2007
Ethyl isovalerate,0.000013,ppm,Pullen 2007
Formaldehyde,0.5,ppm,Pullen 2007
Furane,9.9,ppm,Pullen 2007
Geosmin,0.0000065,ppm,Pullen 2007
n-Heptane,0.67,ppm,Pullen 2007
1-Heptene,0.37,ppm,Pullen 2007
n-Heptanol,0.0048,ppm,Pullen 2007
n-Heptylaldehyde,0.00018,ppm,Pullen 2007
n -Hexane,1.5,ppm,Pullen 2007
n-Hexanoic acid,0.0006,ppm,Pullen 2007
iso Hexanoic acid,0.0004,ppm,Pullen 2007
n-Hexanol,0.006,ppm,Pullen 2007
1-Hexene,0.14,ppm,Pullen 2007
n-Hexyl acetate,0.0018,ppm,Pullen 2007
n-Hexylaldehyde,0.00028,ppm,Pullen 2007
n-Hexyl mercaptane,0.000015,ppm,Pullen 2007
Indole,0.0003,ppm,Pullen 2007
Isoprene,0.048,ppm,Pullen 2007
Limonene,0.038,ppm,Pullen 2007
Methacrolein,0.0085,ppm,Pullen 2007
Methacrylonitrile,3,ppm,Pullen 2007
Methanol,33,ppm,Pullen 2007
Methyl acetate,1.7,ppm,Pullen 2007
Methyl acryrate,0.0035,ppm,Pullen 2007
Methyl allyl sulphide,0.00014,ppm,Pullen 2007
Methylamine,0.035,ppm,Pullen 2007
Methyl iso amyl ketone,0.0021,ppm,Pullen 2007
Methyl n-amyl ketone,0.0068,ppm,Pullen 2007
"1,2,3,4-tetra Methylbenzen",0.011,ppm,Pullen 2007
Methyl n-butyrate,0.0071,ppm,Pullen 2007
Methyl iso Butyrate,0.0019,ppm,Pullen 2007
Methyl n-butyl ketone,0.024,ppm,Pullen 2007
Methyl iso butyl ketone,0.17,ppm,Pullen 2007
Methyl tert.butyl ketone,0.043,ppm,Pullen 2007
Methyl sec.butyl ketone,0.024,ppm,Pullen 2007
Methylcyclohexane,0.15,ppm,Pullen 2007
Methylcyclopentane,1.7,ppm,Pullen 2007
Methyl ethyl ketone,0.44,ppm,Pullen 2007
Methyl formate,130,ppm,Pullen 2007
2-Methylhexane,0.42,ppm,Pullen 2007
3-Methylhexane,0.84,ppm,Pullen 2007
Methyl mercaptane,0.00007,ppm,Pullen 2007
Methyl methacryrate,0.21,ppm,Pullen 2007
2-Methy3-Methylheptane,1.5,ppm,Pullen 2007
3-Methylpentane,8.9,ppm,Pullen 2007
2-Methylpentane,7,ppm,Pullen 2007
Methyl n-propyl ketone,0.028,ppm,Pullen 2007
Methyl isopropyl ketone,0.5,ppm,Pullen 2007
Methyl propionate,0.098,ppm,Pullen 2007
Methyl n-valerate,0.0022,ppm,Pullen 2007
Methyl isovalerate,0.0022,ppm,Pullen 2007
Nitrogen dioxide,0.12,ppm,Pullen 2007
n-Nonane,2.2,ppm,Pullen 2007
n-Nonanol,0.0009,ppm,Pullen 2007
1-Nonene,0.00054,ppm,Pullen 2007
n-Nonylaldehyde,0.00034,ppm,Pullen 2007
n-Octane,1.7,ppm,Pullen 2007
1-Octene,0.001,ppm,Pullen 2007
n-Octanol,0.0027,ppm,Pullen 2007
n-Octylaldehyde,0.00001,ppm,Pullen 2007
n-Pentane,1.4,ppm,Pullen 2007
iso Pentane,1.3,ppm,Pullen 2007
n-Pentanol,0.1,ppm,Pullen 2007
iso Pentanol,0.0017,ppm,Pullen 2007
1-Pentene,0.1,ppm,Pullen 2007
Phenol,0.0056,ppm,Pullen 2007
Propane,1500,ppm,Pullen 2007
n-Propanol,0.094,ppm,Pullen 2007
iso Propanol,26,ppm,Pullen 2007
Propionaldehyde,0.001,ppm,Pullen 2007
Propionic acid,0.0057,ppm,Pullen 2007
n-Propyl acetate,0.24,ppm,Pullen 2007
Propylamine,0.061,ppm,Pullen 2007
iso Propylamine,0.025,ppm,Pullen 2007
iso Propylbenzene,0.0084,ppm,Pullen 2007
n-Propyl n-butyrate,0.011,ppm,Pullen 2007
iso Propyl n-butyrate,0.0062,ppm,Pullen 2007
n-Propyl isobutyrate,0.002,ppm,Pullen 2007
iso Propyl isobutyrate,0.035,ppm,Pullen 2007
n-Propylbenzene,0.0038,ppm,Pullen 2007
Propylene,13,ppm,Pullen 2007
n-Propyl formate,0.96,ppm,Pullen 2007
iso Propyl formate,0.29,ppm,Pullen 2007
n-Propyl mercaptane,0.000013,ppm,Pullen 2007
iso Propyl mercaptane,0.000006,ppm,Pullen 2007
n-Propyl propionate,0.058,ppm,Pullen 2007
iso Propyl propionate,0.0041,ppm,Pullen 2007
n-Propyl n-valerate,0.0033,ppm,Pullen 2007
n-Propyl isovalerate,0.000056,ppm,Pullen 2007
Tetrahydrothiophene,0.00062,ppm,Pullen 2007
Thiophene,0.00056,ppm,Pullen 2007
Trichloroethylene,3.9,ppm,Pullen 2007
Trimethylamine,0.000032,ppm,Pullen 2007
Triethylamine,0.0054,ppm,Pullen 2007
"1,2,4-Trimethylbenzen",0.12,ppm,Pullen 2007
"1,3,5-Trimethylbenzen",0.17,ppm,Pullen 2007
"2,2,5-Trimethylhexane",0.9,ppm,Pullen 2007
"2,2,4-Trimethylpentane",0.67,ppm,Pullen 2007
n-Undecane,0.87,ppm,Pullen 2007
n-Valeraldehyde,0.00041,ppm,Pullen 2007
iso Valeraldehyde,0.0001,ppm,Pullen 2007
n-Valeric acid,0.000037,ppm,Pullen 2007
iso Valeric acid,0.000078,ppm,Pullen 2007
m-Xylene,0.041,ppm,Pullen 2007
Pentanal,9,ng/g,Ma-Rui et al. 2020
(E)-2-Pentenal,1500,ng/g,Ma-Rui et al. 2020
Hexanal,4.5,ng/g,Ma-Rui et al. 2020
(E)-2-Hexenal,19.2,ng/g,Ma-Rui et al. 2020
(Z)-4-Heptenal,4.2,ng/g,Ma-Rui et al. 2020
Heptanal,2.8,ng/g,Ma-Rui et al. 2020
(E)-2-Heptenal,13,ng/g,Ma-Rui et al. 2020
Benzaldehyde,350,ng/g,Ma-Rui et al. 2020
Octanal,0.7,ng/g,Ma-Rui et al. 2020
"(E,E)-2,4-Heptadienal",15.4,ng/g,Ma-Rui et al. 2020
(E)-2-Octenal,3,ng/g,Ma-Rui et al. 2020
Nonanal,1.1,ng/g,Ma-Rui et al. 2020
"(E, Z)-2,6-Nonadienal",0.8,ng/g,Ma-Rui et al. 2020
(E)-2-Nonenal,0.08,ng/g,Ma-Rui et al. 2020
4-Ethyl-benzaldehyde,123,ng/g,Ma-Rui et al. 2020
Decanal,2,ng/g,Ma-Rui et al. 2020
"(E, E)-2,4-Nonadienal",0.09,ng/g,Ma-Rui et al. 2020
(E)-2-Decenal,0.3,ng/g,Ma-Rui et al. 2020
Undecanal,5,ng/g,Ma-Rui et al. 2020
"2,3-Pentanedione",30,ng/g,Ma-Rui et al. 2020
"2,3-Octanedione",12,ng/g,Ma-Rui et al. 2020
Acetophenone,65,ng/g,Ma-Rui et al. 2020
"3,5-Octadien-2-one",150,ng/g,Ma-Rui et al. 2020
1-Penten-3-ol,358.1,ng/g,Ma-Rui et al. 2020
1-Pentanol,4000,ng/g,Ma-Rui et al. 2020
2-Penten-1-ol,89.2,ng/g,Ma-Rui et al. 2020
1-Hexanol,2500,ng/g,Ma-Rui et al. 2020
1-Heptanol,5.4,ng/g,Ma-Rui et al. 2020
1-Octen-3-ol,1.5,ng/g,Ma-Rui et al. 2020
2-Ethyl-1-Hexanol,270000,ng/g,Ma-Rui et al. 2020
2-Octen-1-ol,40,ng/g,Ma-Rui et al. 2020
Toluene,1550,ng/g,Ma-Rui et al. 2020
Ethylbenzene,2205,ng/g,Ma-Rui et al. 2020
p-Xylene,490,ng/g,Ma-Rui et al. 2020
Styrene,730,ng/g,Ma-Rui et al. 2020
o-Xylene,450,ng/g,Ma-Rui et al. 2020
Undecane,1170,ng/g,Ma-Rui et al. 2020
Dodecane,2040,ng/g,Ma-Rui et al. 2020
Tridecane,2140,ng/g,Ma-Rui et al. 2020
2-Ethyl-furan,2.3,ng/g,Ma-Rui et al. 2020
2-Pentyl-furan,6,ng/g,Ma-Rui et al. 2020
Ethyl acetate,7500,µg/L,Ma et al. 2020
Isobutyl acetate,20,µg/L,Ma et al. 2020
Ethyl butyrate,20,µg/L,Ma et al. 2020
Isoamyl acetate,30,µg/L,Ma et al. 2020
Ethyl hexanoate,14,µg/L,Ma et al. 2020
Ethyl heptanoate,220,µg/L,Ma et al. 2020
Ethyl octanoate,240,µg/L,Ma et al. 2020
Ethyl decanoate,200,µg/L,Ma et al. 2020
Diethyl succinate,6000,µg/L,Ma et al. 2020
Ethyl phenylacetate,73,µg/L,Ma et al. 2020
Phenethyl acetate,250,µg/L,Ma et al. 2020
Ethyl dodecanoate,1500,µg/L,Ma et al. 2020
?-Dodecalactone,500,µg/L,Ma et al. 2020
Ethyl myristate,500,µg/L,Ma et al. 2020
Ethyl hexadecanoate,1000,µg/L,Ma et al. 2020
1-Pentanol,"64,000",µg/L,Ma et al. 2020
1-Hexanol,1100,µg/L,Ma et al. 2020
cis-3-Hexen-1-ol,400,µg/L,Ma et al. 2020
1-Octen-3-ol,20,µg/L,Ma et al. 2020
Heptanol,200,µg/L,Ma et al. 2020
1-Octanol,800,µg/L,Ma et al. 2020
Decanol,400,µg/L,Ma et al. 2020
Phenethyl alcohol,"10,000",µg/L,Ma et al. 2020
2-Methyl butanoic acid,250,µg/L,Ma et al. 2020
Hexanoic acid,420,µg/L,Ma et al. 2020
Heptoic acid,300,µg/L,Ma et al. 2020
Octanoic acid,500,µg/L,Ma et al. 2020
Nonanoic acid,1400,µg/L,Ma et al. 2020
Decanoic acid,1400,µg/L,Ma et al. 2020
Dodecanoic acid,1000,µg/L,Ma et al. 2020
Rose oxide,0.2,µg/L,Ma et al. 2020
Linalool ,25,µg/L,Ma et al. 2020
?-Terpineol,250,µg/L,Ma et al. 2020
Citronellol,100,µg/L,Ma et al. 2020
?-Damascenone,0.14,µg/L,Ma et al. 2020
Geranyl acetone,60,µg/L,Ma et al. 2020
Geranic acid,20,µg/L,Ma et al. 2020
Eugenol,6,µg/L,Ma et al. 2020
Guaiacol,20,µg/L,Ma et al. 2020
Furan-2-carbaldehyde,0.5,ppm, ?o?nierczyk &  Szumny 2021
Heptan-2-one,0.6,ppm, ?o?nierczyk &  Szumny 2021
heptanal,0.021,ppm, ?o?nierczyk &  Szumny 2021
3-methylsulfanylpropanal,0.0002,ppm, ?o?nierczyk &  Szumny 2021
"2,5-Dimethylpyrazine",0.1,ppm, ?o?nierczyk &  Szumny 2021
2-Acetylfuran,10,ppm, ?o?nierczyk &  Szumny 2021
2-Ethylpyrazine,100,ppm, ?o?nierczyk &  Szumny 2021
"2,3-Dimethylpyrazine",20,ppm, ?o?nierczyk &  Szumny 2021
?-Pinene,4,ppm, ?o?nierczyk &  Szumny 2021
"2,5-Dimethylfuran-3-one",0.006,ppm, ?o?nierczyk &  Szumny 2021
Linalool,0.01,ppm, ?o?nierczyk &  Szumny 2021
Heptan-2-ol,0.8,ppm, ?o?nierczyk &  Szumny 2021
Benzaldehyde,0.1,ppm, ?o?nierczyk &  Szumny 2021
"2-Ethyl-4-methyl-1,3-thiazole",0.00001,ppm, ?o?nierczyk &  Szumny 2021
Dimethyl trisulfide,0.06,ppm, ?o?nierczyk &  Szumny 2021
Oct-1-en-3-ol,0.05,ppm, ?o?nierczyk &  Szumny 2021
Sulcatone,0.05,ppm, ?o?nierczyk &  Szumny 2021
Octan-2-ol,0.1,ppm, ?o?nierczyk &  Szumny 2021
2-Ethyl-6-methylpyrazine,0.1,ppm, ?o?nierczyk &  Szumny 2021
2-Ethyl-5-methylpyrazine,15,ppm, ?o?nierczyk &  Szumny 2021
"2,3,5-Trimethylpyrazine",0.1,ppm, ?o?nierczyk &  Szumny 2021
2-Ethyl-3-methylpyrazine,0.12,ppm, ?o?nierczyk &  Szumny 2021
2-Acetylthiazole,0.01,ppm, ?o?nierczyk &  Szumny 2021
Limonene,0.01,ppm, ?o?nierczyk &  Szumny 2021
eucalyptol,0.012,ppm, ?o?nierczyk &  Szumny 2021
2-Phenylacetaldehyde,4,ppm, ?o?nierczyk &  Szumny 2021
Oct-2-enal,0.003,ppm, ?o?nierczyk &  Szumny 2021
Isobutylpyrazine,0.000016,ppm, ?o?nierczyk &  Szumny 2021
Oct-3-en-1-ol,0.0012,ppm, ?o?nierczyk &  Szumny 2021
2-acetyl pyrrole,0.2,ppm, ?o?nierczyk &  Szumny 2021
Oct-2-en-1-ol,0.84,ppm, ?o?nierczyk &  Szumny 2021
Nonan-2-one,0.1,ppm, ?o?nierczyk &  Szumny 2021
Undecane,56,ppm, ?o?nierczyk &  Szumny 2021
Nonanal,40,ppm, ?o?nierczyk &  Szumny 2021
Maltol,0.035,ppm, ?o?nierczyk &  Szumny 2021
p-Menthatriene ,0.6,ppm, ?o?nierczyk &  Szumny 2021
Dodecane ,0.766,ppm, ?o?nierczyk &  Szumny 2021
Decanal,0.02,ppm, ?o?nierczyk &  Szumny 2021
Acetaldehyde,63,µg/L,Czerny et al. 2008
Acetic acid,"180,000",µg/L,Czerny et al. 2008
2-Acetyl-1-pyrroline,0.12,µg/L,Czerny et al. 2008
4-Allyl-2-methoxyphenol,2.5,µg/L,Czerny et al. 2008
2-Amino acetophenone,0.64,µg/L,Czerny et al. 2008
trans-Anethole,73,µg/L,Czerny et al. 2008
p-Anisaldehyde,47,µg/L,Czerny et al. 2008
"2,3-Butanedionea ",2.9,µg/L,Czerny et al. 2008
Butanoic acid,"7,700",µg/L,Czerny et al. 2008
1-Butanol,"4,300",µg/L,Czerny et al. 2008
"1,8-Cineole",4.6,µg/L,Czerny et al. 2008
(E)-b-Damascenone,0.056,µg/L,Czerny et al. 2008
"(E,E)-2,4-Decadienal",0.077,µg/L,Czerny et al. 2008
(R/S)-c-Decalactone,2.6,µg/L,Czerny et al. 2008
(R/S)-d-Decalactone,51,µg/L,Czerny et al. 2008
"2,4-Dichlorophenol",2.8,µg/L,Czerny et al. 2008
"2,3-Diethyl-5-methylpyrazine",0.084,µg/L,Czerny et al. 2008
Dimethyl sulphide,1.1,µg/L,Czerny et al. 2008
Dimethyl trisulphide,0.016,µg/L,Czerny et al. 2008
(R/S)-c-Dodecalactone,2,µg/L,Czerny et al. 2008
(R/S)-d-Dodecalactone,98,µg/L,Czerny et al. 2008
(R/S)-c-(Z)-6-Dodecenolactone,9.6,µg/L,Czerny et al. 2008
"trans-4,5-Epoxy-(E)-2-decenal",0.13,µg/L,Czerny et al. 2008
Estragol,16,µg/L,Czerny et al. 2008
Ethanol,"2,000,000",µg/L,Czerny et al. 2008
Ethyl butanoate,2.4,µg/L,Czerny et al. 2008
Ethyl 2-methylbutanoate,0.063,µg/L,Czerny et al. 2008
Ethyl 3-methylbutanoate,0.11,µg/L,Czerny et al. 2008
Ethyl methylpropanoate,0.22,µg/L,Czerny et al. 2008
4-Ethyl-2-methoxyphenol,16,µg/L,Czerny et al. 2008
3-Ethylphenol,1.7,µg/L,Czerny et al. 2008
4-Ethylphenol,21,µg/L,Czerny et al. 2008
(1R)-Fenchone,440,µg/L,Czerny et al. 2008
2-Furfurylthiol,0.08,µg/L,Czerny et al. 2008
Geraniol,2.5,µg/L,Czerny et al. 2008
(Z)-4-Heptenal,0.025,µg/L,Czerny et al. 2008
Hexanal,10,µg/L,Czerny et al. 2008
(E)-2-Hexenal,190,µg/L,Czerny et al. 2008
(Z)-3-Hexenal,0.21,µg/L,Czerny et al. 2008
(Z)-3-Hexen-1-ol,13,µg/L,Czerny et al. 2008
(Z)-3-Hexenyl acetate,31,µg/L,Czerny et al. 2008
"3-Hydroxy-4,5-dimethyl-2(5H)-furanonea",1.1,µg/L,Czerny et al. 2008
"4-Hydroxy-2,5-dimethyl-3(2H)-furanonea",160,µg/L,Czerny et al. 2008
Indole,40,µg/L,Czerny et al. 2008
b-Ionone,8.4,µg/L,Czerny et al. 2008
3-Isobutyl-2-methoxypyrazine,0.038,µg/L,Czerny et al. 2008
3-Isopropyl-2-methoxypyrazine,0.013,µg/L,Czerny et al. 2008
(R)-Linalool,0.17,µg/L,Czerny et al. 2008
2-Methoxyphenol,1.6,µg/L,Czerny et al. 2008
(R/S)-2-Methylbutanal,4.4,µg/L,Czerny et al. 2008
3-Methylbutanal,1.2,µg/L,Czerny et al. 2008
(R/S)-2-Methylbutanoic acid,"5,800",µg/L,Czerny et al. 2008
3-Methylbutanoic acid,"1,200",µg/L,Czerny et al. 2008
(R/S)-2-Methylbutanol,"3,700",µg/L,Czerny et al. 2008
3-Methylbutanol,980,µg/L,Czerny et al. 2008
Bis-(2-methyl-3-furyl) disulphidea,0.00076,µg/L,Czerny et al. 2008
3-Methylindole,0.41,µg/L,Czerny et al. 2008
4-Methyl-2-methoxyphenol,30,µg/L,Czerny et al. 2008
3-Methylphenol,31,µg/L,Czerny et al. 2008
4-Methylphenol,10,µg/L,Czerny et al. 2008
Methylpropanal,1.9,µg/L,Czerny et al. 2008
Methylpropanoic acid,"29,000",µg/L,Czerny et al. 2008
Methylpropanol,"2,300",µg/L,Czerny et al. 2008
3-(Methylthio)-propanal,1.4,µg/L,Czerny et al. 2008
3-(Methylthio)-propanol,69,µg/L,Czerny et al. 2008
Myrcene,4.9,µg/L,Czerny et al. 2008
"(E,E)-2,4-Nonadienal",0.19,µg/L,Czerny et al. 2008
"(E,Z)-2,6-Nonadienal",0.0091,µg/L,Czerny et al. 2008
(R/S)-c-Nonalactone,27,µg/L,Czerny et al. 2008
Nonanal,8,µg/L,Czerny et al. 2008
(E)-2-Nonenal,0.69,µg/L,Czerny et al. 2008
(R/S)-c-Octalactone,24,µg/L,Czerny et al. 2008
(R/S)-d-Octalactone,420,µg/L,Czerny et al. 2008
Octanal,6.9,µg/L,Czerny et al. 2008
1-Octen-3-one,0.036,µg/L,Czerny et al. 2008
Pentanoic acid,"17,000",µg/L,Czerny et al. 2008
Phenylacetic acid,"12,000",µg/L,Czerny et al. 2008
2-Phenylethanol,390,µg/L,Czerny et al. 2008
(R)-a-Pinene,4.6,µg/L,Czerny et al. 2008
"(R,S)-a-Pinene",41,µg/L,Czerny et al. 2008
(RS/)-c-Undecalactone,4.2,µg/L,Czerny et al. 2008
(E)-2-Undecenal,1.4,µg/L,Czerny et al. 2008
Vanillin,210,µg/L,Czerny et al. 2008
4-Vinyl-2-methoxypheno,19,µg/L,Czerny et al. 2008
Methanethiol,1.9,ppb,Bokowa 2022
Carbone disulfide,50,ppb,Bokowa 2022
Dimethyl sulfide,0.65,ppb,Bokowa 2022
Methyl thioacetate,50,ppb,Bokowa 2022
Dimethyl disulfide,6.08,ppb,Bokowa 2022
Dimethyl trisulfide,0.025,ppb,Bokowa 2022
Acetone,3.96-5.39,ppm,Leonardos et al. 2012
Acetic Acid,0.48-0.55,ppm,Leonardos et al. 2012
Butyric Acid,0.004-0.005,ppm,Leonardos et al. 2012
Butyraldehyde,0.013-0.015,ppm,Leonardos et al. 2012
Carbon Disulfide,0.026-0.038,ppm,Leonardos et al. 2012
Dimethylamine,0.081-0.104,ppm,Leonardos et al. 2012
Ethanol,4.76-7.48,ppm,Leonardos et al. 2012
Ethylbenzene,0.014-0.018,ppm,Leonardos et al. 2012
Hexane,1.31-2.07,ppm,Leonardos et al. 2012
Hydrogen Sulphide,0.000047-0.000072,ppm,Leonardos et al. 2012
2-Propanol,2.16-2.41,ppm,Leonardos et al. 2012
Toluene,0.089-0.117,ppm,Leonardos et al. 2012
Sulphur Dioxide,0.11-0.12,ppm,Leonardos et al. 2012
Valeric Acid,0.0014-0.0016,ppm,Leonardos et al. 2012
Ammonia,0.7,ppm,Leonardos et al. 2012
Acrylic Acid,0.0088,ppm,Leonardos et al. 2012
Dimethyl Disulphide,0.0019,ppm,Leonardos et al. 2012
Dimethyl Sulphide,0.0028,ppm,Leonardos et al. 2012
Formaldehyde,0.07,ppm,Leonardos et al. 2012
Methyl Mercaptan,0.00015,ppm,Leonardos et al. 2012
Phenol,0.011,ppm,Leonardos et al. 2012
Tetrahydrofuran,0.4,ppm,Leonardos et al. 2012
Trimethylamine,0.00011,ppm,Leonardos et al. 2012
Acetaldehyde,0.0010-0.0014,ppm,Leonardos et al. 2012
Acetylene,78-82,ppm,Leonardos et al. 2012
Biphenyl,0.000051-0.00007,ppm,Leonardos et al. 2012
Benzyl Sulphide,0.00018-0.00024,ppm,Leonardos et al. 2012
Benzene,1.8-2.4,ppm,Leonardos et al. 2012
Carbon Tetrachloride,8.2-9.4,ppm,Leonardos et al. 2012
Chlorobenzene,0.09-0.11,ppm,Leonardos et al. 2012
Dimethyl Ether,20.26-22-14,ppm,Leonardos et al. 2012
Diphenylamine,0.0118-0.0164,ppm,Leonardos et al. 2012
Ethyl Acetate,1.2-1.6,ppm,Leonardos et al. 2012
Ethyl Acrylate,0.00010-0.00012,ppm,Leonardos et al. 2012
Ethyl Isobutyrate,0.000028-0.000032,ppm,Leonardos et al. 2012
Ethyl Mercaptan,0.0000052-0.0000064,ppm,Leonardos et al. 2012
2-Ethyl-1-Hexanol,0.024-0.036,ppm,Leonardos et al. 2012
Furfural,0.036-0.042,ppm,Leonardos et al. 2012
Heptane,3.8-4.6,ppm,Leonardos et al. 2012
Heptanol,0.064-0.082,ppm,Leonardos et al. 2012
Isobutyl Isobutyrate,0.030-0.042,ppm,Leonardos et al. 2012
Isopropyl Acetate,0.14-0.16,ppm,Leonardos et al. 2012
Methyl Acrylate,0.0017-0.0020,ppm,Leonardos et al. 2012
Methyl Amyl Ketone,0.0065-0.0082,ppm,Leonardos et al. 2012
Methyl Ethyl Ketone,0.32-0.40,ppm,Leonardos et al. 2012
Methacrylic Acid,0.042-0.050,ppm,Leonardos et al. 2012
Naphtalene,0.0028-0.0036,ppm,Leonardos et al. 2012
Oleic Acid,0.48-0.54,ppm,Leonardos et al. 2012
Propionic Acid,0.0059-0.0066,ppm,Leonardos et al. 2012
Pyridine,0.042-0.051,ppm,Leonardos et al. 2012
Styrene,0.029-0.042,ppm,Leonardos et al. 2012
Acenaphthene,0.5048,mg/m3,Ruth 2010
Acetaldehyde,0.0002-4.14,mg/m3,Ruth 2010
Acetic acid,2.5-250,mg/m3,Ruth 2010
Acetic anhydride,0.56-1.44,mg/m3,Ruth 2010
Acetone,47.4666-1613.86,mg/m3,Ruth 2010
Acetonitrile,70,mg/m3,Ruth 2010
Acetophenone,0.8347-2.946,mg/m3,Ruth 2010
Acetyl acetone,0.0409,mg/m3,Ruth 2010
Acetylene,657.2,mg/m3,Ruth 2010
Acrolein,0.0525-37.5,mg/m3,Ruth 2010
Acrylic acid,0.282-3.12,mg/m3,Ruth 2010
Acrylonitrile,8.1-78.75,mg/m3,Ruth 2010
Aldrin,0.2536-0.4027,mg/m3,Ruth 2010
Allyl alcohol,1.95-5,mg/m3,Ruth 2010
Allyl Alcohol,150,mg/m3,Ruth 2010
Allyl amine,14.508,mg/m3,Ruth 2010
Allyl chloride,1.41-75,mg/m3,Ruth 2010
Allyl disulfide,0.0005,mg/m3,Ruth 2010
Allyl glycidyl ether,44,mg/m3,Ruth 2010
Allyl isocyanide,0.061-5.424,mg/m3,Ruth 2010
Allyl isothiocyanate,0.0325-1.7052,mg/m3,Ruth 2010
Allyl mercaptan,0.0002-0.0515,mg/m3,Ruth 2010
Allyl sulfide,0.0007,mg/m3,Ruth 2010
Ammonia,0.0266-39.6,mg/m3,Ruth 2010
Carbon tetrachloride,300-1500,mg/m3,Ruth 2010
Caryophyllene,0.535,mg/m3,Ruth 2010
Cellosolve,2.035-185,mg/m3,Ruth 2010
Cellosolve acetate,0.3024-270,mg/m3,Ruth 2010
Cellosolve solvent,1.104-2.024,mg/m3,Ruth 2010
Chloral,0.2825,mg/m3,Ruth 2010
Chlordane,0.0084-0.0419,mg/m3,Ruth 2010
Chlorinated Camphene Toxaphene,2.3689,mg/m3,Ruth 2010
Chlorine,0.03-15,mg/m3,Ruth 2010
Chlorine Dioxide,0.3,mg/m3,Ruth 2010
Chloroacetaldehyde,3,mg/m3,Ruth 2010
Chloroacetophe none ,0.1020-0.15,mg/m3,Ruth 2010
Chlorobenzene,0.98-280,mg/m3,Ruth 2010
Chlorobromomethane,2100,mg/m3,Ruth 2010
Chloroform,250-1000,mg/m3,Ruth 2010
Chlorophenol,0.0189-6.5224,mg/m3,Ruth 2010
Chloropicrin,5.46-7.7,mg/m3,Ruth 2010
Chlorotoluene,0.235,mg/m3,Ruth 2010
Citral,0.3738,mg/m3,Ruth 2010
Coumarin,0.002-0.012,mg/m3,Ruth 2010
Cresol,0.0012-22,mg/m3,Ruth 2010
Crotonaldehyde,0.105-3,mg/m3,Ruth 2010
Cumene,0.0392-6.37,mg/m3,Ruth 2010
Cyanogen,500,mg/m3,Ruth 2010
Cyanogen chloride,2,mg/m3,Ruth 2010
Cyclobutylamine,97.175-340.86,mg/m3,Ruth 2010
Cycloheptylamine,309.26-573.4,mg/m3,Ruth 2010
Cyclohexane,1.435,mg/m3,Ruth 2010
Cyclohexanol,400,mg/m3,Ruth 2010
Cyclohexanone,400,mg/m3,Ruth 2010
Cyclohexylamine,106-4.48,mg/m3,Ruth 2010
Cyclopentadiene,5.0667,mg/m3,Ruth 2010
Cyclopentyl acetate,0.1031,mg/m3,Ruth 2010
Cyclopentylamine,676.4-2278.4,mg/m3,Ruth 2010
Cyclopropylamine,153.517,mg/m3,Ruth 2010
Decaborane,0.36,mg/m3,Ruth 2010
Decalin,565,mg/m3,Ruth 2010
Decanoic acid,11.951-112.48,mg/m3,Ruth 2010
Decanol,0.0006-43.282,mg/m3,Ruth 2010
Diacetone alcohol,1.344-480,mg/m3,Ruth 2010
Diacetyl,0.0035-0.088,mg/m3,Ruth 2010
Diallyl sulphide,0.005-0.1491,mg/m3,Ruth 2010
Dibenzofuran,0.7752-1.6150,mg/m3,Ruth 2010
Diborane,2.0-4.0,mg/m3,Ruth 2010
"1,2-Dibromo-3-chloropropane",0.0965-0.2895,mg/m3,Ruth 2010
Dibutylamine,004224-1.4256,mg/m3,Ruth 2010
N-Dibutylamine,0.4232-2.5392,mg/m3,Ruth 2010
Dichloroacetic acid,1.2144,mg/m3,Ruth 2010
"2,6-Dichloroanisole",0.0003,mg/m3,Ruth 2010
ortho-Dichlorobenzene,12-300,mg/m3,Ruth 2010
para-Dichlorobenzene,90-180,mg/m3,Ruth 2010
Dichloroethane,445.5-810,mg/m3,Ruth 2010
Dichloroethyl ether,90-2160,mg/m3,Ruth 2010
"1,2-Dichloroethylene",0.3358-1975,mg/m3,Ruth 2010
"2,4-Dichlorophenol",1.4007,mg/m3,Ruth 2010
Dicyclo pentadiene,0.0297-0.054,mg/m3,Ruth 2010
Diethyl disulfide,0.0195,mg/m3,Ruth 2010
Diethyl ethanolamine,0.0536-0.1948,mg/m3,Ruth 2010
Diethyl ketone,3.1725-49.35,mg/m3,Ruth 2010
"2,5-Diethyl pyrazine",0.0336-0.112,mg/m3,Ruth 2010
Diethyl selenide,0.0617,mg/m3,Ruth 2010
N-Amyl acetate,0.0265-37.1,mg/m3,Ruth 2010
sec-Amyl acetate,0.0107,mg/m3,Ruth 2010
iso-Amyl alcohol,25.2,mg/m3,Ruth 2010
N-Amyl alcohol,0.4332-72.2000,mg/m3,Ruth 2010
tert-Amyl alcohol,0.8303,mg/m3,Ruth 2010
N-Amyl amine ,56.6840-132.0760,mg/m3,Ruth 2010
Amyl mercaptan,0.0001-0.0018,mg/m3,Ruth 2010
Amyl mercaptan,0.0018,mg/m3,Ruth 2010
Aniline,0.0002-350.000d,mg/m3,Ruth 2010
Anisole,0.221,mg/m3,Ruth 2010
Apiole,0.057,mg/m3,Ruth 2010
Arsine,0.8400-2.0000,mg/m3,Ruth 2010
Azelidine,51.9200-169.9200,mg/m3,Ruth 2010
Azine,31.6480-66.2400,mg/m3,Ruth 2010
Azole,134.2600-295.9200,mg/m3,Ruth 2010
Benzaldehyde,0.0008-0.1823,mg/m3,Ruth 2010
Benzene,4.5000-270.0000,mg/m3,Ruth 2010
Benzene hexachloride,0.0015-142.8000,mg/m3,Ruth 2010
Benzenethiol,0.0012-279.0000,mg/m3,Ruth 2010
Benzothiazole,0.4424-2.2120,mg/m3,Ruth 2010
Benzyl chloride,0.2350-1.5500,mg/m3,Ruth 2010
Benzyl mercaptan,0.0132-0.2028,mg/m3,Ruth 2010
Benzyl sulfide,0.0184,mg/m3,Ruth 2010
Biphenyl,0.0062-0.3000,mg/m3,Ruth 2010
Boron trifluoride,4.5,mg/m3,Ruth 2010
Bromine,0.3290-24.5000,mg/m3,Ruth 2010
Bromoacetophenone,0.1221-1.3838,mg/m3,Ruth 2010
Bromochloromethane,1680,mg/m3,Ruth 2010
Bromoform,5300,mg/m3,Ruth 2010
"1,3-Butadiene",0.3520-2.8600,mg/m3,Ruth 2010
Butadiene dioxide,17.6,mg/m3,Ruth 2010
Butane,2.8500-14.6300,mg/m3,Ruth 2010
2-Butenethiol,0.0001,mg/m3,Ruth 2010
iso-Butyl acetate,0.0090-90.0000,mg/m3,Ruth 2010
N-Butyl acetate,33.1333-94.6666,mg/m3,Ruth 2010
Oso-Butyl acrylate,0.0110-0.0660,mg/m3,Ruth 2010
iso-Butyl alcohol,0.3600-225.0000,mg/m3,Ruth 2010
N-Butyl alcohol,0.3600-150.0000,mg/m3,Ruth 2010
Butyl alcohol ,131.15,mg/m3,Ruth 2010
Butyl alcohol,219,mg/m3,Ruth 2010
N-Butyl amine,0.2400-6.0000,mg/m3,Ruth 2010
Butyl celloso/ve,0.4800-288.0000,mg/m3,Ruth 2010
Butyl cellosolve acetate,0.7194-1.3080,mg/m3,Ruth 2010
N-Butyl chloride,3.3352-6.3293,mg/m3,Ruth 2010
N-Butyl ether,0.3731-2.5051,mg/m3,Ruth 2010
Butyl formate,70.8900-83.4000,mg/m3,Ruth 2010
2-Butyl furan,50.8,mg/m3,Ruth 2010
N-Butyl lactate,35,mg/m3,Ruth 2010
Butyl mercaptan,0.0016-0.0033,mg/m3,Ruth 2010
Butyl sulfide,0.0897,mg/m3,Ruth 2010
Butyl toluene,30,mg/m3,Ruth 2010
Butylamine,3.0000-378.0000,mg/m3,Ruth 2010
Butylene,54.96,mg/m3,Ruth 2010
Butylene oxide,0.2058-2.0874,mg/m3,Ruth 2010
Butylthiazole,0.0202,mg/m3,Ruth 2010
Butyraldehyde,0.0136-26.5500,mg/m3,Ruth 2010
Butyric acid,0.0010-9.0000,mg/m3,Ruth 2010
Butyric acid,29.16,mg/m3,Ruth 2010
Camphor,7.8000-1200.0000,mg/m3,Ruth 2010
Caprolactam,28,mg/m3,Ruth 2010
Carbitol,1.1508-6.0280,mg/m3,Ruth 2010
Carbitol acetate,0.1872-1.8936,mg/m3,Ruth 2010
Carbon disulfide,0.0243-23.1000,mg/m3,Ruth 2010
Carbon tetrachloride,60.0000-128.4000,mg/m3,Ruth 2010
Diethyl sulphide,0.0177,mg/m3,Ruth 2010
Diethyltrisulfide,0.0044,mg/m3,Ruth 2010
Diethylamine,0.06-114.0000,mg/m3,Ruth 2010
Diglycidyl ether,25,mg/m3,Ruth 2010
Diisobutyl carbinol,0.1885-0.9424,mg/m3,Ruth 2010
Diisobutyl ketone,0.66-1.86,mg/m3,Ruth 2010
Diisopropyl amine,0.52-3.4000,mg/m3,Ruth 2010
Dimethoxy dimethyl pyrazine,1.2366,mg/m3,Ruth 2010
Dimethyl acetamide,161-163.8000,mg/m3,Ruth 2010
Dimethyl amine,0.0846,mg/m3,Ruth 2010
Dimethyl disulfide,0.0001-0.3465,mg/m3,Ruth 2010
Dimethyl ethanolamine,0.0546-0.1638,mg/m3,Ruth 2010
"N,N-Dimethyl formamide",300,mg/m3,Ruth 2010
Dimethyl napthalene,0.0428,mg/m3,Ruth 2010
Dimethyl sulfide,0.0025-0.0508,mg/m3,Ruth 2010
Dimethyl trisulfide,0.0062,mg/m3,Ruth 2010
Dimethyltrithiocarbonate,0.0331,mg/m3,Ruth 2010
"N,N-Dimethylacetamide",163.8,mg/m3,Ruth 2010
Dimethylamine,0.0378-55.8000,mg/m3,Ruth 2010
"N,N-Dimethylformamide",300,mg/m3,Ruth 2010
"1,1-Dimethylhydrazine",12-20.0000,mg/m3,Ruth 2010
"1,4-Dioxane",0.0108-612.0000,mg/m3,Ruth 2010
para-Dioxane,20.16-972.0000,mg/m3,Ruth 2010
"1,3-Dioxolane",44.54-335.3600,mg/m3,Ruth 2010
Diphenyl ether,0.695,mg/m3,Ruth 2010
Diphenyl sulfide,0.0026-0.0358,mg/m3,Ruth 2010
Dipropylamine,0.0826-227.1500,mg/m3,Ruth 2010
Dipropylamine,0.414-0.8280,mg/m3,Ruth 2010
Dipropylene glycol methyl ether,210-6000.0000,mg/m3,Ruth 2010
1-Dodecanol,0.0152-0.0533,mg/m3,Ruth 2010
N-Dodecyl Mercaptan,4222.8,mg/m3,Ruth 2010
Dowtherm A,0.7-7.0000,mg/m3,Ruth 2010
Endrin,0.2808-6.3963,mg/m3,Ruth 2010
Epichlorohydrin,50-80,mg/m3,Ruth 2010
Ethane,184.5-1105.7700,mg/m3,Ruth 2010
Ethanolamine,5.3333-10.6666,mg/m3,Ruth 2010
"2-Ethoxy 3,4 dihydro 1,2 pyran",3.144,mg/m3,Ruth 2010
"Ethoxy 3,4-dihyro 1,2 pyran",0.1048-3.1440,mg/m3,Ruth 2010
Ethyl acetate,0.0196-665.0000,mg/m3,Ruth 2010
Ethyl acrylate,0.0008-32.0000,mg/m3,Ruth 2010
Ethyl alcohol,0.342-9690.000,mg/m3,Ruth 2010
Ethyl amine,0.486-396.0000,mg/m3,Ruth 2010
Ethyl amyl ketone,31.2,mg/m3,Ruth 2010
Ethyl benzene,8.7-870.0000,mg/m3,Ruth 2010
Ethyl benzoate,3.8068,mg/m3,Ruth 2010
Ethyl bromide,890,mg/m3,Ruth 2010
2-Ethyl butanol,0.2919-3.2109,mg/m3,Ruth 2010
Ethyl ether,0.99-3.0000,mg/m3,Ruth 2010
2-Ethyl hexanol,0.399-0.7342,mg/m3,Ruth 2010
Ethyl hexyl acetate,0.5132-1.4763,mg/m3,Ruth 2010
2-Ethyl hexyl acrylate,0.5497-1.3554,mg/m3,Ruth 2010
Ethyl isothiocyanate,6.052,mg/m3,Ruth 2010
Ethyl lactate,67.62,mg/m3,Ruth 2010
Ethyl mercaptan,0.000032-0.0920,mg/m3,Ruth 2010
Ethyl methyl disulfide,0.0487,mg/m3,Ruth 2010
Ethyl methylamine,21.69-79.5300,mg/m3,Ruth 2010
N-Ethyl morpholine,0.3680-1.1500,mg/m3,Ruth 2010
Ethyl phenylacetate,4.3615,mg/m3,Ruth 2010
Ethyl propyl amine,60.52-181.5600,mg/m3,Ruth 2010
Ethyl selenide,0.0003-0.003,mg/m3,Ruth 2010
Ethyl selenomercaptan,0.000008-0.0054,mg/m3,Ruth 2010
Ethyl silicate,722.5,mg/m3,Ruth 2010
Ethyl suIfide,0.0009-0.0103,mg/m3,Ruth 2010
Ethyl valerate,0.0266,mg/m3,Ruth 2010
Ethyl vinyl ketone,0.0004-0.0069,mg/m3,Ruth 2010
Ethylene,299-4600,mg/m3,Ruth 2010
Ethylene diamine,2.5-28,mg/m3,Ruth 2010
Ethylene dibromide,76.8,mg/m3,Ruth 2010
Ethylene dichloride,24-440,mg/m3,Ruth 2010
Ethylene glycol,62.5,mg/m3,Ruth 2010
Ethylene oxide,520-1400,mg/m3,Ruth 2010
Ethylenediamine,25-28,mg/m3,Ruth 2010
Ethyleneimine,4,mg/m3,Ruth 2010
Ethylidene norborene,0.07-0.365,mg/m3,Ruth 2010
Fluorine,6,mg/m3,Ruth 2010
Formaldehyde,1.47-73.5,mg/m3,Ruth 2010
Formamide,150,mg/m3,Ruth 2010
Formic acid,0.045-37.8,mg/m3,Ruth 2010
Furfural,0.024-20,mg/m3,Ruth 2010
Furfuryl alcohol,32,mg/m3,Ruth 2010
Glycol diacetate,0.5552-1.8626,mg/m3,Ruth 2010
Heptachlor,0.306,mg/m3,Ruth 2010
Heptanal,0.0140-0.0932,mg/m3,Ruth 2010
Heptane,200.0000-1280.0000,mg/m3,Ruth 2010
N-Heptyl alcohol,98.325,mg/m3,Ruth 2010
Heptyl isobutyrate,0.0989,mg/m3,Ruth 2010
Heptyl propionate,0.0281,mg/m3,Ruth 2010
Hexachlorobutadiene,12,mg/m3,Ruth 2010
Hexachlorocyclopentadiene,1.5000-3.3000,mg/m3,Ruth 2010
Hexadiene,1.6750-127.3000,mg/m3,Ruth 2010
1-Hexanol,0.0417-21.6840,mg/m3,Ruth 2010
Hexyl acetate,0.0120-600.0000,mg/m3,Ruth 2010
Hexyl isobutyrate,0.0422,mg/m3,Ruth 2010
Hexyl propionate,0.0514,mg/m3,Ruth 2010
Hexylene glycol,250,mg/m3,Ruth 2010
Hydrazine,3.0-4.0,mg/m3,Ruth 2010
Hydrochloric acid,7.0-49,mg/m3,Ruth 2010
Hydrofluoric acid,0.0333-0.1333,mg/m3,Ruth 2010
Hydrogen bromide,6.6667,mg/m3,Ruth 2010
Hydrogen cyanide,0.9000-5.0000,mg/m3,Ruth 2010
Hydrogen selenide,0.0016-12.0000,mg/m3,Ruth 2010
Hydrogen sulfide,0.0007-0.0140,mg/m3,Ruth 2010
Iodine,9,mg/m3,Ruth 2010
Iodoform,0.0062-0.0833,mg/m3,Ruth 2010
Ionone,0.000000463-573.0500,mg/m3,Ruth 2010
Isoamyl alcohol,36.0000-126.0000,mg/m3,Ruth 2010
Isobutyl2-methoxypyrazine,13.58,mg/m3,Ruth 2010
Isobutyl 3-methoxypyrazine,1.30E-06,mg/m3,Ruth 2010
Isobutyl 3-methyl pyrazine,0.2146,mg/m3,Ruth 2010
Isobutyl butyrate,12.369-17.6700,mg/m3,Ruth 2010
Isobutyl mercaptan,0.002,mg/m3,Ruth 2010
2-Isobutyl pyrazine,2.208,mg/m3,Ruth 2010
Isodecanol,0.1292-0.2713,mg/m3,Ruth 2010
Isopentanoic acid,0.0209-0.1084,mg/m3,Ruth 2010
Isophorone,1.0000-50.0000,mg/m3,Ruth 2010
Isopropyl acetate,"0.1900-1520,0000",mg/m3,Ruth 2010
Isopropyl alcohol,7.8400-490.0000,mg/m3,Ruth 2010
Isopropyl amine,0.50400.0714-480.0000,mg/m3,Ruth 2010
Isopropyl ether,0.0714-1260.0000,mg/m3,Ruth 2010
Isopropyl glycidylether,1440,mg/m3,Ruth 2010
Kerosene,0.5517,mg/m3,Ruth 2010
Lauraldehyde,0.0151,mg/m3,Ruth 2010
Linalyl acetate,50.526,mg/m3,Ruth 2010
Malathion,13.5,mg/m3,Ruth 2010
Maleic anhydride,1.84-1.9600,mg/m3,Ruth 2010
Mercaptobenzothiazole,12.0208,mg/m3,Ruth 2010
Mercaptoethanol,0.3828-2.0416,mg/m3,Ruth 2010
Mesityl Oxide,0.0680-100.0000,mg/m3,Ruth 2010
"Methyl 2, cyanoacrylate",4-12.0000,mg/m3,Ruth 2010
Methyl acetate,610-915,mg/m3,Ruth 2010
Methyl acetylene-propadiene,180,mg/m3,Ruth 2010
Methyl acrylate,70,mg/m3,Ruth 2010
alpha-Methyl acrylonitrile,6.0-42,mg/m3,Ruth 2010
Methyl alcohol,13.115-26840,mg/m3,Ruth 2010
Methyl amine,0.0252-12.0000,mg/m3,Ruth 2010
Methyl amyl acetate,0.4123-2.3560,mg/m3,Ruth 2010
Methyl amyl alcohol,1.3761-2.1684,mg/m3,Ruth 2010
Methyl anthranilate,0.0581,mg/m3,Ruth 2010
Methyl benzyl alcohol,7235.5-5235.5000,mg/m3,Ruth 2010
Methyl bromide,80-4000,mg/m3,Ruth 2010
2-Methyl butanol,0.045-0.8280,mg/m3,Ruth 2010
2-Methyl butenoic acid,0.0528,mg/m3,Ruth 2010
Methyl butyl acetate,0.0266,mg/m3,Ruth 2010
Methyl cellosolve,0.288-288.0000,mg/m3,Ruth 2010
Methyl cellosolve acetate,1.632-240.0000,mg/m3,Ruth 2010
Methyl chloride,21,mg/m3,Ruth 2010
Methyl chloroform,542.857-3800.0000,mg/m3,Ruth 2010
Methyl cyclohexane,2000,mg/m3,Ruth 2010
Methyl cyclohexanol,2350,mg/m3,Ruth 2010
Methyl disulfide,0.0012-0.0039,mg/m3,Ruth 2010
Methyl ethanolamine,3.07-10.4380,mg/m3,Ruth 2010
Methyl ethyl ketone,0.7375-147.5000,mg/m3,Ruth 2010
Methyl ethyl pyridine,0.0297-94.0500,mg/m3,Ruth 2010
Methyl formate,500-6875.0000,mg/m3,Ruth 2010
2-Methyl furan,90.45,mg/m3,Ruth 2010
Methyl glycol,186.6000-279.9000,mg/m3,Ruth 2010
Methyl heptanoate,0.0236,mg/m3,Ruth 2010
Methyl hexyl ketone,1299.52,mg/m3,Ruth 2010
Methyl hydrazine,1.75-5.2500,mg/m3,Ruth 2010
Methyl isoamyl alcohol,0.2919-0.8340,mg/m3,Ruth 2010
Methyl isoamyl ketone,0.0576-0.3360,mg/m3,Ruth 2010
Methyl isobutyl'carbinol,2.08-200.0000,mg/m3,Ruth 2010
Methyl isobutyl ketone,0.41-192.7000,mg/m3,Ruth 2010
Methyl isopropenyl ketone,1.0222,mg/m3,Ruth 2010
Methyl mercaptan,0.00004-0.0820,mg/m3,Ruth 2010
Methyl methacrylate,0.205-1.3940,mg/m3,Ruth 2010
Methyl n-amyl carbinol,0.0989-0.3378,mg/m3,Ruth 2010
Methyl n-amyl ketone,0.094,mg/m3,Ruth 2010
Methyl n-propyl ketone,28-45.5000,mg/m3,Ruth 2010
2-Methyl naphthalene,0.0581-0.2905,mg/m3,Ruth 2010
Methyl paratRion,0.1328,mg/m3,Ruth 2010
2-Methyl pentaldehyde,0.3681-0.5562,mg/m3,Ruth 2010
2-Methyl pentane,0.2886,mg/m3,Ruth 2010
2-Methyl propanol,0.0027-0.1303,mg/m3,Ruth 2010
2-Methyl propene,45.8,mg/m3,Ruth 2010
2-Methyl pyrazine,231,mg/m3,Ruth 2010
Methyl salicylate,0.622-0.8708,mg/m3,Ruth 2010
alpha-Methyl styrene,0.2496-960.0000,mg/m3,Ruth 2010
Methyl thiocyanate,0.7475,mg/m3,Ruth 2010
Methyl vinyl ketone,0.572,mg/m3,Ruth 2010
Methylamine,0.0252-12.0000,mg/m3,Ruth 2010
Methylene chloride,540-2160.0000,mg/m3,Ruth 2010
Methylene chlorobromide,2120,mg/m3,Ruth 2010
Methylene glycol,76.2,mg/m3,Ruth 2010
Mineral spirits,157.5-787.5000,mg/m3,Ruth 2010
Monochlorobenzene,0.98,mg/m3,Ruth 2010
Morpholine,0.035-0.4900,mg/m3,Ruth 2010
Mustard gas,0.015,mg/m3,Ruth 2010
Myrcene,0.0723,mg/m3,Ruth 2010
Naphthalene,1.5-125.0000,mg/m3,Ruth 2010
Nickel carbonyl,0.21-21.0000,mg/m3,Ruth 2010
Nitric acid,0.75-2.5000,mg/m3,Ruth 2010
Nitric oxide,0.36-1.2000,mg/m3,Ruth 2010
Nitrobenzene,0.0235-9.5000,mg/m3,Ruth 2010
Nitroethane,620,mg/m3,Ruth 2010
Nitrogen dioxide,2.0-10,mg/m3,Ruth 2010
Nitromethane,250,mg/m3,Ruth 2010
1-Nitropropane,1080,mg/m3,Ruth 2010
2-Nitropropane,17.5-1029.0000,mg/m3,Ruth 2010
Nonane,3412.5,mg/m3,Ruth 2010
2-Nonanol,0.0005-20.6150,mg/m3,Ruth 2010
"1,3-Octadiene",54-90,mg/m3,Ruth 2010
Octane,725-1208.3300,mg/m3,Ruth 2010
Octyl alcohol,0.6916,mg/m3,Ruth 2010
Oxygen difluoride,0.2-1,mg/m3,Ruth 2010
Parathion,0.476,mg/m3,Ruth 2010
Pentaborane,2.5,mg/m3,Ruth 2010
Pentane,6.6-3000,mg/m3,Ruth 2010
"2,4-Pentanedione",0.0409-0.0982,mg/m3,Ruth 2010
n-Pentanol,0.756-1.1160,mg/m3,Ruth 2010
Perchloroethylene,31.356-469.0000,mg/m3,Ruth 2010
Perchloromethyl mercaptan,0.0075,mg/m3,Ruth 2010
Perchloryl fluoride,46.6666,mg/m3,Ruth 2010
Phenol,0.1786-22.4200,mg/m3,Ruth 2010
Phenyl ether,0.0070-0.7000,mg/m3,Ruth 2010
beta-Phenyl ethyl alcohol,35,mg/m3,Ruth 2010
Phenyl sulfide,0.0026-0.0358,mg/m3,Ruth 2010
Phenylacetaldehyde,0.001-0.0196,mg/m3,Ruth 2010
Phosgene,2.0-4,mg/m3,Ruth 2010
Phosphine,0.028-3.6000,mg/m3,Ruth 2010
2-Picoline,0.0532-0.1748,mg/m3,Ruth 2010
Picric aciel,0.0005,mg/m3,Ruth 2010
Propane,1800-36000.0000,mg/m3,Ruth 2010
Propionaldehyde,0.0225-0.4029,mg/m3,Ruth 2010
Propionic acid,0.084-60.0000,mg/m3,Ruth 2010
n-Propyl acetate,0.21-105.0000,mg/m3,Ruth 2010
Propyl alcohol,75-500,mg/m3,Ruth 2010
n-Propyl alcohol,0.075-150.0000,mg/m3,Ruth 2010
Propyl mercaptan,0.0002-0.0746,mg/m3,Ruth 2010
n-Propyl nitrate,210,mg/m3,Ruth 2010
Propyl sulfide,0.0531,mg/m3,Ruth 2010
Propylene,39.56-116.2720,mg/m3,Ruth 2010
Propylene diamine,0.0424-0.2030,mg/m3,Ruth 2010
Propylene dichloride,1.1667-606.6660,mg/m3,Ruth 2010
Propylene glycol dinitrate,1.2-1.5600,mg/m3,Ruth 2010
Propylene glycol isobutyl ether,60.5,mg/m3,Ruth 2010
Propylene glycol methylether,360,mg/m3,Ruth 2010
Propylene oxide,24.75-500,mg/m3,Ruth 2010
Pyridine,0.009-15,mg/m3,Ruth 2010
Pyrrolidine,58-187.3400,mg/m3,Ruth 2010
Quinone,0.4,mg/m3,Ruth 2010
Rotenone,5.796,mg/m3,Ruth 2010
Safrole,1.4586,mg/m3,Ruth 2010
Silicon tetrafluoride,4.25,mg/m3,Ruth 2010
Skatole,0.0000004-0.2680,mg/m3,Ruth 2010
Stoddard solvent,5.25-157.5000,mg/m3,Ruth 2010
Styrene oxide,0.3093-1.9640,mg/m3,Ruth 2010
"1,1,2,2-Tetrachloroethane",35-21,mg/m3,Ruth 2010
Tetrachloroe.thyelene,31.356-469.0000,mg/m3,Ruth 2010
TetraethylorthoSilicate,30.636-61.2720,mg/m3,Ruth 2010
Tetrahydrofuran,7.3750-177.0000,mg/m3,Ruth 2010
Tetralin,97.2,mg/m3,Ruth 2010
Tetramethylenediamine,79.2,mg/m3,Ruth 2010
Thiophene,0.0026,mg/m3,Ruth 2010
Thiophenol mercaptan,0.0012-382.5000,mg/m3,Ruth 2010
"Toluene 2,4 diisocyanate",3.2-17.12,mg/m3,Ruth 2010
Toxaphene,2.366,mg/m3,Ruth 2010
Trichloro fluoromethane,28-1170.4000,mg/m3,Ruth 2010
Trichloro trifluoroethane,342-1026.0000,mg/m3,Ruth 2010
"1,2,4-Trichlorobenzene",24,mg/m3,Ruth 2010
Trichloroethylene,1.134-2160.0000,mg/m3,Ruth 2010
Tricycloketone,1.866-870.8000,mg/m3,Ruth 2010
Triethyl amine,0.36-1.1200,mg/m3,Ruth 2010
Trimethyl amine,0.0008,mg/m3,Ruth 2010
Trimethyl phosphite,0.0005,mg/m3,Ruth 2010
Trimethylenediamine,3757.2-11968.5000,mg/m3,Ruth 2010
Trinitro tert-butylxylene,0.0000038-0.0487,mg/m3,Ruth 2010
Turpentine,560-1120.0000,mg/m3,Ruth 2010
Valerie acid,0.0026,mg/m3,Ruth 2010
Vanillin,2.20E-07,mg/m3,Ruth 2010
Vinyl acetate,0.36-1.6500,mg/m3,Ruth 2010
Vinyl amyl ketone,0.515,mg/m3,Ruth 2010
Vinyl butyl ketone,0.0321,mg/m3,Ruth 2010
Vinyl propyl ketone,0.0201,mg/m3,Ruth 2010
Vinyl pyridine,1.167-1.9450,mg/m3,Ruth 2010
Vinyl toluene,240,mg/m3,Ruth 2010
Vinylidene chloride,2000-4000,mg/m3,Ruth 2010
Xylene,0.348-174.0000,mg/m3,Ruth 2010
Xylidene,0.024,mg/m3,Ruth 2010
Ethyl isovalerate,6.89,µg/L,Guan et al. 2022
Ethyl butyrate,82,µg/L,Guan et al. 2022
Ethyl valerate,27,µg/L,Guan et al. 2022
2-Methylbutyraldehyde,17,µg/L,Guan et al. 2022
Acetaldehyde,1200,µg/L,Guan et al. 2022
"1,1-Diethoxyethane",2090,µg/L,Guan et al. 2022
Ethyl octanoate,12.9,µg/L,Guan et al. 2022
3-Hydroxy-2-butanone,259,µg/L,Guan et al. 2022
Isobutyraldehyde,34.69,µg/L,Guan et al. 2022
3-Methylbutyraldehyde,980,µg/L,Guan et al. 2022
Ethyl isobutyrate,57.5,µg/L,Guan et al. 2022
Ethyl acetate,"32,600.00",µg/L,Guan et al. 2022
Isoamyl acetate,93.93,µg/L,Guan et al. 2022
Butyric acid,964,µg/L,Guan et al. 2022
2-Methyl butanol,16,µg/L,Guan et al. 2022
Ethyl palmitate,2000,µg/L,Guan et al. 2022
2-pentanone,"194,000.00",µg/L,Guan et al. 2022
1-Butanol,2730,µg/L,Guan et al. 2022
Hexanoic acid,"13,300.00",µg/L,Guan et al. 2022
Isobutyric acid,2300,µg/L,Guan et al. 2022
1-Propanol,"54,000.00",µg/L,Guan et al. 2022
Ethyl laurate,500,µg/L,Guan et al. 2022
Ethyl phenylacetate,407,µg/L,Guan et al. 2022
Acetic acid,"160,000.00",µg/L,Guan et al. 2022
Hexyl hexanoate,1890,µg/L,Guan et al. 2022
Ethyl lactate,"128,000.00",µg/L,Guan et al. 2022
Valeric acid,389,µg/L,Guan et al. 2022
Furfural,"44,000.00",µg/L,Guan et al. 2022
"(2R,3R)-(-)-2,3-Butanediol","12,000.00",µg/L,Guan et al. 2022
Ethyl propanoate,"19,019.00",µg/L,Guan et al. 2022
Isobutanol,"40,000.00",µg/L,Guan et al. 2022
Ethyl hexanoate,"13,200.00",µg/L,Guan et al. 2022
Furfuryl alcohol,"12,323.00",µg/L,Guan et al. 2022
Hexanol,5370,µg/L,Guan et al. 2022
Ethyl myristate,500,µg/L,Guan et al. 2022
Propyl acetate,2700,µg/L,Guan et al. 2022
3-Methylbutanol,"179,000.00",µg/L,Guan et al. 2022
"1,1-Diethoxy-3-methylbutane",323,µg/L,Guan et al. 2022
Ethyl hexadecenoate,1500,µg/L,Guan et al. 2022
2-Butanol,"50,000.00",µg/L,Guan et al. 2022
Nonanoic acid,3559,µg/L,Guan et al. 2022
Octane,0.94,mg/kg,Lobo-Prieto et al. 2020
Methyl acetate,0.2,mg/kg,Lobo-Prieto et al. 2020
Butanal,0.08,mg/kg,Lobo-Prieto et al. 2020
Ethyl acetate,0.94,mg/kg,Lobo-Prieto et al. 2020
Butan-2-one,40,mg/kg,Lobo-Prieto et al. 2020
2-methylbutanal,0.005,mg/kg,Lobo-Prieto et al. 2020
3-methylbutanal,0.005,mg/kg,Lobo-Prieto et al. 2020
ethanol,30,mg/kg,Lobo-Prieto et al. 2020
Ethyl propanoate,0.1,mg/kg,Lobo-Prieto et al. 2020
3-pentanone,70,mg/kg,Lobo-Prieto et al. 2020
Butan-2-ol,0.15,mg/kg,Lobo-Prieto et al. 2020
Hexanal c,0.08,mg/kg,Lobo-Prieto et al. 2020
2-methylpropan-1-ol,1,mg/kg,Lobo-Prieto et al. 2020
1-penten-3-ol,0.4,mg/kg,Lobo-Prieto et al. 2020
(E)-2-pentenal,0.3,mg/kg,Lobo-Prieto et al. 2020
Butan-1-ol,0.4,mg/kg,Lobo-Prieto et al. 2020
Heptanal,0.5,mg/kg,Lobo-Prieto et al. 2020
2-methylbutan-1-ol,0.3,mg/kg,Lobo-Prieto et al. 2020
3-methylbutan-1-ol,0.1,mg/kg,Lobo-Prieto et al. 2020
(E)-2-hexenal c,0.42,mg/kg,Lobo-Prieto et al. 2020
Octan-3-one,0.75,mg/kg,Lobo-Prieto et al. 2020
Pentanol,0.47,mg/kg,Lobo-Prieto et al. 2020
1-octen-3-one,0.01,mg/kg,Lobo-Prieto et al. 2020
Hexyl acetate c,1.04,mg/kg,Lobo-Prieto et al. 2020
Octan-2-one,0.51,mg/kg,Lobo-Prieto et al. 2020
Octanal,0.32,mg/kg,Lobo-Prieto et al. 2020
(Z)-3-hexenyl acetate c,0.2,mg/kg,Lobo-Prieto et al. 2020
(E)-2-heptenal,0.005,mg/kg,Lobo-Prieto et al. 2020
6-methyl-5-hepten-2-one,1,mg/kg,Lobo-Prieto et al. 2020
Hexanol c,0.4,mg/kg,Lobo-Prieto et al. 2020
(E)-3-hexen-1-ol c,1,mg/kg,Lobo-Prieto et al. 2020
(Z)-3-hexen-1-ol c,1.1,mg/kg,Lobo-Prieto et al. 2020
Nonanal,0.15,mg/kg,Lobo-Prieto et al. 2020
1-octen-3-ol,0.001,mg/kg,Lobo-Prieto et al. 2020
(E)-2-hexen-1-ol c,5,mg/kg,Lobo-Prieto et al. 2020
(Z)-2-hexen-1-ol c,1,mg/kg,Lobo-Prieto et al. 2020
Acetic acid,0.5,mg/kg,Lobo-Prieto et al. 2020
Propanoic acid,0.72,mg/kg,Lobo-Prieto et al. 2020
Butanoic acid,0.65,mg/kg,Lobo-Prieto et al. 2020
2-methylpropanoic acid,-,mg/kg,Lobo-Prieto et al. 2020
(E)-2-decenal,0.01,mg/kg,Lobo-Prieto et al. 2020
Pentanoic acid,0.6,mg/kg,Lobo-Prieto et al. 2020
Hexanoic acid,0.7,mg/kg,Lobo-Prieto et al. 2020
Heptanoic acid,0.1,mg/kg,Lobo-Prieto et al. 2020
Octanoic acid,3,mg/kg,Lobo-Prieto et al. 2020
Nonanoic acid,-,mg/kg,Lobo-Prieto et al. 2020
Methanol,1.00E+05,ppb,Yang et al. 2020
Acetaldehyde,210,ppb,Yang et al. 2020
Formic acid,2.80E+04,ppb,Yang et al. 2020
Ethanol,1.00E+04,ppb,Yang et al. 2020
2-Propenal,210,ppb,Yang et al. 2020
Propanal,419,ppb,Yang et al. 2020
Acetone,1.00E+05,ppb,Yang et al. 2020
Acetic acid,162,ppb,Yang et al. 2020
Dimethyl sulfide,1,ppb,Yang et al. 2020
Butan-2-one,1.00E+04,ppb,Yang et al. 2020
Propanoic acid,33,ppb,Yang et al. 2020
Methyl acetate,5.61E+05,ppb,Yang et al. 2020
Dimethyl sulfoxide,1,ppb,Yang et al. 2020
Ethyl acetate,1.00E+03,ppb,Yang et al. 2020
Butanoic acid,1,ppb,Yang et al. 2020
3-Pentanone,,ppb,Yang et al. 2020
Ethyl propionate,2.00E+03,ppb,Yang et al. 2020
Cyclohexane,7.28E+05,ppb,Yang et al. 2020
4-Methylpentan-2-one,470,ppb,Yang et al. 2020
Hexanoic acid,127,ppb,Yang et al. 2020
Toluene,2.00E+03,ppb,Yang et al. 2020
Ethenyl benzene,47,ppb,Yang et al. 2020
Ethyl benzene,3.90E+04,ppb,Yang et al. 2020
"2,4-Heptadienal",8,ppb,Yang et al. 2020
trans-2-Heptenal,19,ppb,Yang et al. 2020
Heptanal,0.19,ppb,Yang et al. 2020
Heptan-2-one,1,ppb,Yang et al. 2020
"1,2,4-Trimethylbenzene",2.50E+04,ppb,Yang et al. 2020
trans-2-Octenal,1,ppb,Yang et al. 2020
Octanal,0.08,ppb,Yang et al. 2020
Octan-2-one,27,ppb,Yang et al. 2020
"trans,trans-2,4-Nonadienal",0.04,ppb,Yang et al. 2020
Nonanal,0.45,ppb,Yang et al. 2020
Nonan-2-one,5,ppb,Yang et al. 2020
trans-2-Decenal,0.43,ppb,Yang et al. 2020
Decanal,0.41,ppb,Yang et al. 2020
Acetaldehyde ,0.11,ppm,Tamura et al. 2001
Ethyl acetate,3.3,ppm,Tamura et al. 2001
3-Methylbutanal,0.0054,ppm,Tamura et al. 2001
Ethanol,200,ppm,Tamura et al. 2001
 Pinene,0.19,ppm,Tamura et al. 2001
2-Methyl-3-buten-2-ol,1.1,ppm,Tamura et al. 2001
Hexanal,0.0091,ppm,Tamura et al. 2001
Pinene,1.5,ppm,Tamura et al. 2001
 (E)-2-Pentenal,0.98,ppm,Tamura et al. 2001
(E)-3-Hexenal,0.16,ppm,Tamura et al. 2001
(Z)-3-Hexenal,0.0017,ppm,Tamura et al. 2001
1-Penten-3-ol,0.4,ppm,Tamura et al. 2001
Myrcene,0.1,ppm,Tamura et al. 2001
Limonene,0.2,ppm,Tamura et al. 2001
(E)-2-Hexenal,0.082,ppm,Tamura et al. 2001
(Z)--Ocimene,0.034,ppm,Tamura et al. 2001
Terpinene,0.26,ppm,Tamura et al. 2001
(E)--Ocimene,0.034,ppm,Tamura et al. 2001
p-Cymene,0.12,ppm,Tamura et al. 2001
Terpinolene,0.041,ppm,Tamura et al. 2001
(Z)-3-Hexenyl acetate,0.016,ppm,Tamura et al. 2001
(Z)-2-Penten-1-ol,0.72,ppm,Tamura et al. 2001
6-Methyl-5-hepten-2-one,0.16,ppm,Tamura et al. 2001
1-Hexanol,1.6,ppm,Tamura et al. 2001
(E)-3-Hexen-1-ol,0.11,ppm,Tamura et al. 2001
(Z)-3-Hexen-1-ol,0.91,ppm,Tamura et al. 2001
"2,4-Hexadienal",0.27,ppm,Tamura et al. 2001
(E)-2-Hexen-1-ol,0.1,ppm,Tamura et al. 2001
(E)-2-Octenal,0.003,ppm,Tamura et al. 2001
Acetic acid,26,ppm,Tamura et al. 2001
(Z)-3-Hexenyl butyrate,0.5,ppm,Tamura et al. 2001
Furfural,0.77,ppm,Tamura et al. 2001
"2,4-Heptadienal",0.15,ppm,Tamura et al. 2001
(E)-2-Nonenal,0.0004,ppm,Tamura et al. 2001
Linalool,0.001,ppm,Tamura et al. 2001
Caryophyllene,0.15,ppm,Tamura et al. 2001
4-Terpinenol,1.2,ppm,Tamura et al. 2001
(E)-2-Decenal,0.0003,ppm,Tamura et al. 2001
Humulene,0.39,ppm,Tamura et al. 2001
Terpineol,5,ppm,Tamura et al. 2001
"2,4-Decadienal",0.00007,ppm,Tamura et al. 2001
trans-Carveol,0.25,ppm,Tamura et al. 2001
Hexanoic acid,1.8,ppm,Tamura et al. 2001
Ionone,0.0059,ppm,Tamura et al. 2001
Caryophyllene oxide ,0.41,ppm,Tamura et al. 2001
Octanoic acid,5.8,ppm,Tamura et al. 2001
Isoamyl alcool,"30,000",µg/L,Slaghenaufi et al. 2020
Phenylethyl Alcohol,"14,000",µg/L,Slaghenaufi et al. 2020
1-Hexanol,8000,µg/L,Slaghenaufi et al. 2020
cis-3-Hexen-1-ol,400,µg/L,Slaghenaufi et al. 2020
Ethyl acetate,"12,000",µg/L,Slaghenaufi et al. 2020
Isoamyl acetate,30,µg/L,Slaghenaufi et al. 2020
n-Hexyl acetate,1800,µg/L,Slaghenaufi et al. 2020
Phenylethyl acetate,2400,µg/L,Slaghenaufi et al. 2020
Ethyl butanoate,20,µg/L,Slaghenaufi et al. 2020
Ethyl 3-methylbutanoate,3,µg/L,Slaghenaufi et al. 2020
Ethyl hexanoate,14,µg/L,Slaghenaufi et al. 2020
Ethyl octanoate,5,µg/L,Slaghenaufi et al. 2020
Ethyl decanoate,200,µg/L,Slaghenaufi et al. 2020
Ethyl lactate,100000,µg/L,Slaghenaufi et al. 2020
3-Methylbutanoic acid,250,µg/L,Slaghenaufi et al. 2020
Hexanoic acid,2080,µg/L,Slaghenaufi et al. 2020
Octanoic acid,2560,µg/L,Slaghenaufi et al. 2020
cis-Linalool oxide,3000,µg/L,Slaghenaufi et al. 2020
trans-Linalool oxide,6000,µg/L,Slaghenaufi et al. 2020
Linalool,25,µg/L,Slaghenaufi et al. 2020
Ho-trienol,110,µg/L,Slaghenaufi et al. 2020
?-Terpineol,250,µg/L,Slaghenaufi et al. 2020
Nerol,400,µg/L,Slaghenaufi et al. 2020
Geraniol,30,µg/L,Slaghenaufi et al. 2020
?-Citronellol,100,µg/L,Slaghenaufi et al. 2020
"1,4-Cineole",0.54,µg/L,Slaghenaufi et al. 2020
"1,8-Cineole",1.1,µg/L,Slaghenaufi et al. 2020
?-Damascenone,0.05,µg/L,Slaghenaufi et al. 2020
4-Ethyl guaiacol,33,µg/L,Slaghenaufi et al. 2020
4-Vinyl guaiacol,1100,µg/L,Slaghenaufi et al. 2020
Vanillin,200,µg/L,Slaghenaufi et al. 2020
Formaldehyde,0.5,ppm,Nagata 2011
Acetaldehyde ,0.0015,ppm,Nagata 2011
Propionaldehyde,0.001,ppm,Nagata 2011
n-Butylaldehyde,0.00067,ppm,Nagata 2011
lsobutylaldehyde,0.00035,ppm,Nagata 2011
n-Valeraldehyde,0.00041,ppm,Nagata 2011
Isovaleraldehyde,0.0001,ppm,Nagata 2011
n-Hexylaldehyde,0.00028,ppm,Nagata 2011
n-Heptylaldehyde,0.00018,ppm,Nagata 2011
n-Octylaldehyde,0.00001,ppm,Nagata 2011
n-Nonylaldehyde ,0.00034,ppm,Nagata 2011
n-Decylaldehyde,0.0004,ppm,Nagata 2011
Acrolein,0.0036,ppm,Nagata 2011
Methacrolein ,0.0085,ppm,Nagata 2011
Crotonaldehyde ,0.023,ppm,Nagata 2011
Methanol ,33,ppm,Nagata 2011
Ethanol,0.52,ppm,Nagata 2011
n-Propanol,0.094,ppm,Nagata 2011
Isopropanol,26,ppm,Nagata 2011
n-Butanol,0.038,ppm,Nagata 2011
Isobutanol,0.011,ppm,Nagata 2011
n-Pentanol,0.1,ppm,Nagata 2011
Isopentanol,0.0017,ppm,Nagata 2011
n-Hexanol,0.006,ppm,Nagata 2011
n-Heptanol,0.0048,ppm,Nagata 2011
n-Octanol,0.0027,ppm,Nagata 2011
Isooctanol,0.0093,ppm,Nagata 2011
n-Nonanol,0.0009,ppm,Nagata 2011
n-Decanol,0.00077,ppm,Nagata 2011
2-Ethoxyethanol,0.58,ppm,Nagata 2011
2-n-Buthoxyethanol,0.043,ppm,Nagata 2011
1-Butoxy-2-propanol,0.16,ppm,Nagata 2011
Phenol,0.0056,ppm,Nagata 2011
o-Cresol,0.00028,ppm,Nagata 2011
m-Cresol,0.0001,ppm,Nagata 2011
p-Cresol,0.000054,ppm,Nagata 2011
Geosmin,0.000006,ppm,Nagata 2011
Acetic acid,0.006,ppm,Nagata 2011
Propionic acid,0.0057,ppm,Nagata 2011
n-Butyric acid,0.00019,ppm,Nagata 2011
Isobutyric acid,0.0015,ppm,Nagata 2011
n-Valeric acid,0.000037,ppm,Nagata 2011
Isovaleric acid,0.000078,ppm,Nagata 2011
n-Hexanoic acid,0.0006,ppm,Nagata 2011
Isohexanoic acid,0.0004,ppm,Nagata 2011
Sulfur dioxide,0.87,ppm,Nagata 2011
Carbonyl sulfid,0.055,ppm,Nagata 2011
Methyl mercaptane,0.00007,ppm,Nagata 2011
Ethyl mercaptane,0.0000087,ppm,Nagata 2011
n-Propyl mercaptane,0.000013,ppm,Nagata 2011
Isopropyl mercaptane,0.000006,ppm,Nagata 2011
n-Butyl mercaptane,0.0000028,ppm,Nagata 2011
Isobutyl mercaptane,0.0000068,ppm,Nagata 2011
n-Amyl mercaptane,0.00000078,ppm,Nagata 2011
Isoamyl mercaptane,0.00000077,ppm,Nagata 2011
n-Hexyl mercaptane,0.000015,ppm,Nagata 2011
Thiophene,0.00056,ppm,Nagata 2011
Tetrahydrothiophene,0.00062,ppm,Nagata 2011
Methylamine,0.035,ppm,Nagata 2011
Ethylamine,0.046,ppm,Nagata 2011
n-Propylamine,0.061,ppm,Nagata 2011
 Isopropylamine,0.025,ppm,Nagata 2011
n-Butylamine,0.17,ppm,Nagata 2011
Isobutylamin,0.0015,ppm,Nagata 2011
Dimethylamine,0.033,ppm,Nagata 2011
Diethylamine,0.048,ppm,Nagata 2011
Trimethylamine,0.000032,ppm,Nagata 2011
Triethylamine,0.0054,ppm,Nagata 2011
Acetonitrile,13,ppm,Nagata 2011
Acrylonitrile,8.8,ppm,Nagata 2011
Methacrylonitrile,3,ppm,Nagata 2011
Pyridine,0.063,ppm,Nagata 2011
Indole,0.0003,ppm,Nagata 2011
Skatole,0.0000056,ppm,Nagata 2011
Ethyl-o-toluidine,0.026,ppm,Nagata 2011
Propane,1500,ppm,Nagata 2011
n-Butane,1200,ppm,Nagata 2011
n-Pentane,1.4,ppm,Nagata 2011
Isopentane,1.3,ppm,Nagata 2011
n -Hexane,1.5,ppm,Nagata 2011
2-Methylpentane,7,ppm,Nagata 2011
3-Methylpentane,8.9,ppm,Nagata 2011
2-Dimethylbutane,20,ppm,Nagata 2011
"2, 3-Dimethylbutane",0.42,ppm,Nagata 2011
n-Heptane,0.67,ppm,Nagata 2011
2-Methylhexane,0.42,ppm,Nagata 2011
3-Methylhexane,0.84,ppm,Nagata 2011
3-Ethylpentane,0.37,ppm,Nagata 2011
"2, 2-Dimethylpentane",38,ppm,Nagata 2011
"2, 3-Dimethylpentane",4.5,ppm,Nagata 2011
"2, 4-Dimethylpentane",0.94,ppm,Nagata 2011
n-Octane,1.7,ppm,Nagata 2011
2-Methylheptane,0.11,ppm,Nagata 2011
3-Methylheptane,1.5,ppm,Nagata 2011
4-Methylheptane,1.7,ppm,Nagata 2011
"2, 2, 4-Trimethylpentane",0.67,ppm,Nagata 2011
n-Nonane,2.2,ppm,Nagata 2011
"2, 2, 5-Trimethylhexane",0.9,ppm,Nagata 2011
n-Undecane,0.87,ppm,Nagata 2011
n-Decane,0.62,ppm,Nagata 2011
n-Dodecane,0.11,ppm,Nagata 2011
Propylene,13,ppm,Nagata 2011
1-Butene,0.36,ppm,Nagata 2011
Isobutene,10,ppm,Nagata 2011
1-Pentene,0.1,ppm,Nagata 2011
1-Hexene,0.14,ppm,Nagata 2011
1-Heptene,0.37,ppm,Nagata 2011
1-Octene,0.001,ppm,Nagata 2011
1-Nonene,0.00054,ppm,Nagata 2011
"1,3-Butadiene",0.23,ppm,Nagata 2011
Isoprene,0.048,ppm,Nagata 2011
Benzene,2.7,ppm,Nagata 2011
Toluene,0.33,ppm,Nagata 2011
Styrene,0.035,ppm,Nagata 2011
Ethylbenzene,0.17,ppm,Nagata 2011
o-Xylene,0.38,ppm,Nagata 2011
m-Xylene,0.041,ppm,Nagata 2011
p-Xylene,0.058,ppm,Nagata 2011
n-Propylbenzene,0.0038,ppm,Nagata 2011
Isopropylbenzene,0.0084,ppm,Nagata 2011
"1, 2, 4-Trimethylbenzen",0.12,ppm,Nagata 2011
"1, 3, 5-Trimethylbenzen",0.17,ppm,Nagata 2011
o-Ethyltoluene,0.074,ppm,Nagata 2011
m-Ethyltoluene,0.018,ppm,Nagata 2011
p-Ethyltoluene,0.0083,ppm,Nagata 2011
o-Diethylbenzene,0.0094,ppm,Nagata 2011
m-Diethylbenzene,0.07,ppm,Nagata 2011
p-Diethylbenzene,0.00039,ppm,Nagata 2011
n-Butylbenzene,0.0085,ppm,Nagata 2011
"1, 2, 3, 4-Tetramethylbenzen",0.011,ppm,Nagata 2011
"1, 2, 3, 4-Tetrahydronaphthalene",0.0093,ppm,Nagata 2011
?-Pinene,0.018,ppm,Nagata 2011
?-Pinene,0.033,ppm,Nagata 2011
Limonene,0.038,ppm,Nagata 2011
Methylcyclopentane,1.7,ppm,Nagata 2011
Cyclohexane,2.5,ppm,Nagata 2011
Methylcyclohexane,0.15,ppm,Nagata 2011
Methyl formate,130,ppm,Nagata 2011
Ethyl formate,2.7,ppm,Nagata 2011
n-Propyl formate,0.96,ppm,Nagata 2011
Isopropyl formate,0.29,ppm,Nagata 2011
n-Butyl formate,0.087,ppm,Nagata 2011
Isobutyl formate,0.49,ppm,Nagata 2011
Mthyl acetate,1.7,ppm,Nagata 2011
Ethyl acetate,0.87,ppm,Nagata 2011
n-Propyl acetate,0.24,ppm,Nagata 2011
Isopropyl acetate,0.16,ppm,Nagata 2011
n-Butyl acetate,0.016,ppm,Nagata 2011
Isobutyl acetate,0.008,ppm,Nagata 2011
n-Hexyl acetate,0.0018,ppm,Nagata 2011
Methyl propionate,0.098,ppm,Nagata 2011
Ethyl propionate,0.007,ppm,Nagata 2011
n-Propyl propionate,0.058,ppm,Nagata 2011
Isopropyl propionate,0.0041,ppm,Nagata 2011
n-Butyl propionate,0.036,ppm,Nagata 2011
Isobutyl propionate,0.02,ppm,Nagata 2011
Methyl n-butyrate,0.0071,ppm,Nagata 2011
Methyl isobutyrate,0.0019,ppm,Nagata 2011
Ethyl n-butyrate,0.00004,ppm,Nagata 2011
Ethyl isobutyrate,0.000022,ppm,Nagata 2011
n-Propy n-butyrate,0.011,ppm,Nagata 2011
Isopropyl n-butyrate,0.0062,ppm,Nagata 2011
n-propyl isobutyrate,0.002,ppm,Nagata 2011
Isopropyl isobutyrate,0.035,ppm,Nagata 2011
n-Butyl n-butyrate,0.0048,ppm,Nagata 2011
Isobutyl n-butyrate,0.0016,ppm,Nagata 2011
n-Butyl isobutyrate,0.022,ppm,Nagata 2011
Isobutyl isobutyrate,0.075,ppm,Nagata 2011
Methyl n-valerate,0.0022,ppm,Nagata 2011
Methyl isovalerate,0.0022,ppm,Nagata 2011
Ethyl n-valerate,0.00011,ppm,Nagata 2011
Ethyl isovalerate,0.000013,ppm,Nagata 2011
n-Propyl n-valerate,0.0033,ppm,Nagata 2011
n-Propyl isovalerate,0.000056,ppm,Nagata 2011
n-Butyl isovalerate,0.012,ppm,Nagata 2011
Isobutyl isovalerate,0.0052,ppm,Nagata 2011
Methyl acryrate,0.0035,ppm,Nagata 2011
Ethyl acryrate,0.00026,ppm,Nagata 2011
n-Butyl acryrate,0.00055,ppm,Nagata 2011
Isobutyl acryrate,0.0009,ppm,Nagata 2011
Methyl methacryrate,0.21,ppm,Nagata 2011
2-Ethoxyethyl acetate,0.049,ppm,Nagata 2011
Acetone,42,ppm,Nagata 2011
Methyl ethyl keton,0.44,ppm,Nagata 2011
Methyl n-propyl ketone,0.028,ppm,Nagata 2011
Methyl isopropyl ketone,0.5,ppm,Nagata 2011
Methyl n-butyl ketone,0.024,ppm,Nagata 2011
Methyl isobutyl ketone,0.17,ppm,Nagata 2011
n-amyl ketone,0.0068,ppm,Nagata 2011
Methyl isoamyl ketone,0.0021,ppm,Nagata 2011
Diacetyl,0.00005,ppm,Nagata 2011
Furane,9.9,ppm,Nagata 2011
"2, 5-Dihydrofurane",0.093,ppm,Nagata 2011
Acetaldehyde,"0.00151,000",ppm,Martinez 2020
Acetic Acid,0.0004204,ppm,Martinez 2020
Acetic Anhydride,0.120.36,ppm,Martinez 2020
Acetone,"0.4011,745",ppm,Martinez 2020
Acetonitrile,"131,161",ppm,Martinez 2020
Acetophenone,0.000240.59,ppm,Martinez 2020
Acetylene,2262584,ppm,Martinez 2020
Acrolein,0.00361.8,ppm,Martinez 2020
Acrylic Acid,0.0921.0,ppm,Martinez 2020
Acrylonitrile,1.622,ppm,Martinez 2020
Allyl Alcohol,0.5135,ppm,Martinez 2020
Allyl Chloride,0.485.9,ppm,Martinez 2020
Allyl Isothiocyanate,0.00911.97,ppm,Martinez 2020
Ammonia,0.04360.3,ppm,Martinez 2020
n-Amyl Acetate,0.00743,ppm,Martinez 2020
Aniline,0.01210,ppm,Martinez 2020
Arsine,1,ppm,Martinez 2020
Benzaldehyde,0.0015783,ppm,Martinez 2020
Benzene,0.47313,ppm,Martinez 2020
Benzoyl Chloride,0.00210.0063,ppm,Martinez 2020
Benzyl Acetate,0.0001622,ppm,Martinez 2020
Benzyl Chloride,0.0410.046,ppm,Martinez 2020
Biphenyl,0.000520.0095,ppm,Martinez 2020
Boron Trifluoride,1.5,ppm,Martinez 2020
Bromine,0.00990.99,ppm,Martinez 2020
Bromoform,0.1915,ppm,Martinez 2020
"1,3-Butadiene",0.09976,ppm,Martinez 2020
2-Butoxyethanol,0.080.35,ppm,Martinez 2020
2-Butoxyethyl Acetate,0.1070.99,ppm,Martinez 2020
n-Butyl Acetate,0.00013368,ppm,Martinez 2020
sec-Butyl Acetate,0.00254.76,ppm,Martinez 2020
tert-Butyl Acetate,0.0081.31,ppm,Martinez 2020
n-Butyl Acrylate,0.000290.101,ppm,Martinez 2020
n-Butyl Alcohol,0.0033990,ppm,Martinez 2020
sec-Butyl Alcohol,0.04394,ppm,Martinez 2020
tert-Butyl Alcohol,3.3957,ppm,Martinez 2020
n-Butyl Lactate,4.9E-09,ppm,Martinez 2020
Butyl Mercaptan,0.00000274.9,ppm,Martinez 2020
p-tert-Butyl Toluene,5.031,ppm,Martinez 2020
Butyraldehyde,0.00035.09,ppm,Martinez 2020
Camphor,0.0026-7.2,ppm,Martinez 2020
Caprolactam,0.065,ppm,Martinez 2020
2-Chloroacetophenone,0.016-0.111,ppm,Martinez 2020
Chlorobenzene,0.087-13,ppm,Martinez 2020
Chlorodifluoromethane,"200,192",ppm,Martinez 2020
b-Chloroprene,0.11276,ppm,Martinez 2020
Chlorotoluene,0.180.270,ppm,Martinez 2020
Citral,0.0000240.032,ppm,Martinez 2020
Cresol,0.000050.0090,ppm,Martinez 2020
Crotonaldehyde,0.020.59,ppm,Martinez 2020
Cumene,0.0081.3,ppm,Martinez 2020
Cumene Hydroperoxide,0.0048,ppm,Martinez 2020
Cyanogen,500,ppm,Martinez 2020
Cyanogen Chloride,0.994,ppm,Martinez 2020
Cyclohexane,0.52784,ppm,Martinez 2020
Cyclohexanol,0.0580.491,ppm,Martinez 2020
Cyclohexanone,0.052219,ppm,Martinez 2020
Cyclohexene,0.18,ppm,Martinez 2020
Cyclohexylamine,2.42,ppm,Martinez 2020
Cyclopentadiene,,ppm,Martinez 2020
Decaborane,0.06,ppm,Martinez 2020
1-Decene,6.45,ppm,Martinez 2020
Diacetone Alcohol,0.2713,ppm,Martinez 2020
Diacetyl,0.0000022.9,ppm,Martinez 2020
Diallylamine,2,ppm,Martinez 2020
Diborane,1.83.5,ppm,Martinez 2020
"2,3-Dibromo-1-Chloropropane",0.010.031,ppm,Martinez 2020
Dibutylamine,0.0790.770,ppm,Martinez 2020
Dibutyl Phthalate,0.023,ppm,Martinez 2020
Dichloroacetic Acid,0.044,ppm,Martinez 2020
"Dichlorobenzene,",0.0250,ppm,Martinez 2020
"Dichlorobenzene,",0.12115,ppm,Martinez 2020
Dichlorodifluoromethane,"199,790",ppm,Martinez 2020
"1,1-Dichloroethane","491,359",ppm,Martinez 2020
"1,2-Dichloroethylene",277,ppm,Martinez 2020
"2,4-Dichlorophenol",0.000041,ppm,Martinez 2020
"1,3-Dichloropropene",0.99,ppm,Martinez 2020
Dicyclopentadiene,0.000190.02,ppm,Martinez 2020
Diethanolamine,0.279,ppm,Martinez 2020
Diethylamine,0.003314.3,ppm,Martinez 2020
2-Diethylaminoethanol,0.010.25,ppm,Martinez 2020
Diethyl Ketone,0.8514,ppm,Martinez 2020
Diethyl Phthalate,0.0360.363,ppm,Martinez 2020
Diisobutyl Ketone,0.1031.6,ppm,Martinez 2020
Diisopropylamine,0.0144.2,ppm,Martinez 2020
"N,N-Dimethylacetamide",48,ppm,Martinez 2020
Dimethylamine,0.000764.2,ppm,Martinez 2020
Dimethylaniline,0.0010.2,ppm,Martinez 2020
Dimethyl Disulfide,0.000291.45,ppm,Martinez 2020
Dimethyl Ether,161228,ppm,Martinez 2020
Dimethyl Formamide,0.047100,ppm,Martinez 2020
"1,1-Dimethylhydrazine",0.3114,ppm,Martinez 2020
Dimethyl Sulfide,0.000128.11,ppm,Martinez 2020
"4,6-Dinitro-o-Cresol",0.00049-0.00259,ppm,Martinez 2020
"1,4-Dioxane",0.82609,ppm,Martinez 2020
"1,3-Dioxolane",16.863.4,ppm,Martinez 2020
Diphenylamine,0.0220.188,ppm,Martinez 2020
Dodecyl Mercaptan,0.000000110.000097,ppm,Martinez 2020
Epichlorohydrin,0.0812,ppm,Martinez 2020
Ethane,"20,328730,973",ppm,Martinez 2020
Ethanolamine,2.624,ppm,Martinez 2020
2-Ethoxyethanol,0.349,ppm,Martinez 2020
2-(2-Ethoxyethoxy) ethanol,0.2191.09,ppm,Martinez 2020
2-Ethoxyethyl Acetate,0.0480.13,ppm,Martinez 2020
Ethyl Acetate,0.09190,ppm,Martinez 2020
Ethyl Acrylate,0.00000660.0032,ppm,Martinez 2020
Ethyl Alcohol,0.0940334,ppm,Martinez 2020
Ethylamine,0.0273.5,ppm,Martinez 2020
Ethyl Amyl Ketone,5.9,ppm,Martinez 2020
Ethyl Benzene,0.00218,ppm,Martinez 2020
Ethyl Bromide,2.73.6,ppm,Martinez 2020
Ethyl Chloride,3.8379,ppm,Martinez 2020
Ethylene,171029,ppm,Martinez 2020
Ethylene Chlorohydrin,0.36,ppm,Martinez 2020
Ethylenediamine,1.34.5,ppm,Martinez 2020
Ethylene Dibromide,10,ppm,Martinez 2020
Ethylene Dichloride,4.3988,ppm,Martinez 2020
Ethylene Glycol,5.12,ppm,Martinez 2020
Ethyleneimine,0.712,ppm,Martinez 2020
Ethylene Oxide,0.82690,ppm,Martinez 2020
Ethyl Ether,"0.1651,924",ppm,Martinez 2020
Ethyl Formate,2.730,ppm,Martinez 2020
Ethylidene Norbornene,0.0070.08,ppm,Martinez 2020
Ethyl Mercaptan,0.000008718,ppm,Martinez 2020
N-Ethylmorpholine,0.0850.25,ppm,Martinez 2020
Ethyl Silicate,3.685,ppm,Martinez 2020
Fluorine,0.0970.19,ppm,Martinez 2020
Formaldehyde,"0.0279,770",ppm,Martinez 2020
Formic Acid,0.52340,ppm,Martinez 2020
Furfural,0.0020.713,ppm,Martinez 2020
Furfuryl Alcohol,8,ppm,Martinez 2020
Glutaraldehyde,0.000370.039,ppm,Martinez 2020
Halothane,33,ppm,Martinez 2020
Hexachlorocyclopentadiene,0.15,ppm,Martinez 2020
"1,6-Hexamethylene Diisocyanate",0.0050.01,ppm,Martinez 2020
n-Hexane,1.50248,ppm,Martinez 2020
"1,6-Hexanediamine",0.00067,ppm,Martinez 2020
1-Hexene,0.139,ppm,Martinez 2020
sec-Hexyl Acetate,0.0680.39,ppm,Martinez 2020
n-Hexyl Alcohol,0.002416,ppm,Martinez 2020
Hexylene glycol,3.93,ppm,Martinez 2020
Hydrazine,3.04.0,ppm,Martinez 2020
Indene,0.00270.0042,ppm,Martinez 2020
Isoamyl Acetate,0.00075366,ppm,Martinez 2020
Isoamyl Alcohol,0.001691.75,ppm,Martinez 2020
Isobutyl Acetate,0.008129,ppm,Martinez 2020
Isobutyl Alcohol,0.01165,ppm,Martinez 2020
Isobutyraldehyde,0.000340.139,ppm,Martinez 2020
Isooctyl Alcohol,0.00920.049,ppm,Martinez 2020
Isophorone,0.00030.19,ppm,Martinez 2020
Isoprene,0.0473.59,ppm,Martinez 2020
Isopropyl Acetate,0.16041,ppm,Martinez 2020
Isopropyl Alcohol,"1.02,197",ppm,Martinez 2020
Isopropylamine,0.0250.70,ppm,Martinez 2020
Isopropyl Ether,0.0170.053,ppm,Martinez 2020
d-Limonene,0.00180.31,ppm,Martinez 2020
Maleic Anhydride,0.250.32,ppm,Martinez 2020
Mercaptoethanol,0.075,ppm,Martinez 2020
Mesityl Oxide,0.01712,ppm,Martinez 2020
Methacrylic acid,0.542.84,ppm,Martinez 2020
Methacrylonitrile,2.956.9,ppm,Martinez 2020
Methane,"2,896,197",ppm,Martinez 2020
2-Methoxyethanol,0.09690,ppm,Martinez 2020
1-Methyoxy-2-Propanol,8.3933,ppm,Martinez 2020
1-Methoxy-2-Propanol,0.00290.13,ppm,Martinez 2020
Methyl Acetate,"0.172,848",ppm,Martinez 2020
Methyl Acrylate,0.0030.025,ppm,Martinez 2020
Methyl Alcohol,"3.05198,686",ppm,Martinez 2020
Methylamine,0.00075-4.8,ppm,Martinez 2020
Methyl n-amyl Ketone,0.000750.71,ppm,Martinez 2020
N-Methyl Aniline,1.62.0,ppm,Martinez 2020
2-Methyl Butyl Acetate,0.0260.039,ppm,Martinez 2020
Methyl tert-Butyl Ether,0.030.17,ppm,Martinez 2020
Methyl n-Butyl Ketone,0.0241.15,ppm,Martinez 2020
Methyl Chloride,10,ppm,Martinez 2020
Methyl Chloroform,0.97715,ppm,Martinez 2020
Methyl 2-Cyanoacrylate,0.992.97,ppm,Martinez 2020
Methylcyclohexane,0.149,ppm,Martinez 2020
2-Methylcyclohexanone,0.181,ppm,Martinez 2020
Methylene Bisphenyl Isocyanate,0.39,ppm,Martinez 2020
Methylene Chloride,1.2440,ppm,Martinez 2020
Methyl Ethyl Ketone,0.07339,ppm,Martinez 2020
Methyl Formate,"672,809",ppm,Martinez 2020
Methyl Hydrazine,13,ppm,Martinez 2020
Methyl Isoamyl Ketone,0.00210.135,ppm,Martinez 2020
Methyl Isobutyl Ketone,0.0316,ppm,Martinez 2020
Methyl Isocyanate,2.14,ppm,Martinez 2020
Methyl Isopropyl Ketone,0.514.8,ppm,Martinez 2020
Methyl Mercaptan,0.000000000000510.56,ppm,Martinez 2020
Methyl Methacrylate,0.0140.66,ppm,Martinez 2020
2-Methylnaphthalene,0.00069,ppm,Martinez 2020
Methyl Parathion,0.0012,ppm,Martinez 2020
4-Methyl-2-Propanol,0.3350.526,ppm,Martinez 2020
Methyl Propyl Ketone,0.02865,ppm,Martinez 2020
n-Methyl-2-Pyrrolidone,4.210,ppm,Martinez 2020
Methyl Styrene,0.0249.7,ppm,Martinez 2020
Methyl Vinyl Ketone,0.174,ppm,Martinez 2020
Monochloroacetic Acid,0.0130.155,ppm,Martinez 2020
Morpholine,0.0110.070,ppm,Martinez 2020
Naphthalene,0.00191.02,ppm,Martinez 2020
1-Naphthylamine,0.0240.050,ppm,Martinez 2020
2-Naphthylamine,0.240.32,ppm,Martinez 2020
Nicotine,0.0099,ppm,Martinez 2020
Nitrobenzene,0.000429,ppm,Martinez 2020
1-Nitropropane,7.7140,ppm,Martinez 2020
2-Nitropropane,4.94288,ppm,Martinez 2020
N-Nitrosodimethylamine,0.00790.013,ppm,Martinez 2020
Nonane,2.321,ppm,Martinez 2020
1-Octanol,0.00091.69,ppm,Martinez 2020
1-Octene,0.001206,ppm,Martinez 2020
Oxygen Difluoride,0.0996,ppm,Martinez 2020
Pentaborane,0.97,ppm,Martinez 2020
Perchloroethylene,0.76771,ppm,Martinez 2020
Perchloryl Fluoride,14.58,ppm,Martinez 2020
Phenol,0.00451.95,ppm,Martinez 2020
Phenyl Mercaptan,0.000030.00027,ppm,Martinez 2020
Phosgene,0.125.7,ppm,Martinez 2020
Phosphine,0.015,ppm,Martinez 2020
Phthalic Anhydride,0.053,ppm,Martinez 2020
Picolines,0.00260.0236,ppm,Martinez 2020
Piperdine,0.142,ppm,Martinez 2020
Propane,149719964,ppm,Martinez 2020
Propionaldehyde,0.001101,ppm,Martinez 2020
Propionic Acid,0.000994.65,ppm,Martinez 2020
n-Propyl Acetate,0.04887,ppm,Martinez 2020
Propyl Alcohol,"sweet,alcohol",ppm,Martinez 2020
Propylene,10.199,ppm,Martinez 2020
Propylene Dichloride,0.268.66,ppm,Martinez 2020
Dinitrate,0.236,ppm,Martinez 2020
Propylene Oxide,10199,ppm,Martinez 2020
Pyridine,0.0112,ppm,Martinez 2020
Quinoline,0.00575.3,ppm,Martinez 2020
Quinone,0.0110.10,ppm,Martinez 2020
"1,1,2,2-Tetrabromoethane",0.99,ppm,Martinez 2020
"1,1,2,2-Tetrachloroethane",0.2337.3,ppm,Martinez 2020
Tetrahydrofuran,0.09261,ppm,Martinez 2020
Thiogylcolic Acid,0.00021,ppm,Martinez 2020
Toluene,0.021157,ppm,Martinez 2020
o-Toluidine,0.0256.6,ppm,Martinez 2020
m-Toluidine,0.465.9,ppm,Martinez 2020
p-Toluidine,0.0273.2,ppm,Martinez 2020
Trichloroacetic acid,0.240.37,ppm,Martinez 2020
"1,2,4-Trichlorobenzene",2.96,ppm,Martinez 2020
Trichloroethylene,0.5167,ppm,Martinez 2020
Trichlorofluoromethane,"5200,057",ppm,Martinez 2020
Triethanolamine,10,ppm,Martinez 2020
Triethylamine,0.0052.9,ppm,Martinez 2020
Trimethylamine,0.000021.82,ppm,Martinez 2020
Trimethyl Benzene,0.0062.4,ppm,Martinez 2020
Trimethyl Phosphite,0.000099,ppm,Martinez 2020
n-Valeraldehyde,0.00044.97,ppm,Martinez 2020
Vanillin,0.000000160.0929,ppm,Martinez 2020
Vinyl Acetate,0.120.4,ppm,Martinez 2020
Vinyl Chloride,203356,ppm,Martinez 2020
Vinylidene chloride,501387,ppm,Martinez 2020
